benchmark_id,axis,sub_axis,prompt,canonical_rewrite,attributes,transcript_id,focus_notes
VB0001,ID Reference,gender_age_pitch,青年女性，声音柔和明亮，音高偏高，语速较慢，语气温暖。,青年女性，声音柔和明亮，音高偏高，语速较慢，语气温暖。,"青年女性, 柔和, 明亮, 高音, 慢速, 温暖",t026,"diff=easy | attribute_match,naturalness,clarity"
VB0002,ID Reference,gender_age_pitch,青年女性，声音清亮自然，音色干净，发音清晰。,青年女性，声音清亮自然，音色干净，发音清晰。,"青年女性, 清亮, 自然, 干净, 清晰",t024,"diff=easy | attribute_match,naturalness,clarity"
VB0003,ID Reference,gender_age_pitch,青年女性，声音轻柔细腻，音高略高，节奏平稳。,青年女性，声音轻柔细腻，音高略高，节奏平稳。,"青年女性, 轻柔, 细腻, 略高音, 平稳",t020,"diff=easy | attribute_match,naturalness,clarity"
VB0004,ID Reference,gender_age_pitch,青年女性，声音明亮通透，语速适中，语气自然。,青年女性，声音明亮通透，语速适中，语气自然。,"青年女性, 明亮, 通透, 中速, 自然",t012,"diff=easy | attribute_match,naturalness,clarity"
VB0005,ID Reference,gender_age_pitch,青年女性，声音甜美柔和，音高偏高，表达清楚。,青年女性，声音甜美柔和，音高偏高，表达清楚。,"青年女性, 甜美, 柔和, 高音, 清楚",t005,"diff=easy | attribute_match,naturalness,clarity"
VB0006,ID Reference,gender_age_pitch,青年女性，声音干净清晰，音色轻盈，语调平稳。,青年女性，声音干净清晰，音色轻盈，语调平稳。,"青年女性, 干净, 清晰, 轻盈, 平稳",t046,"diff=easy | attribute_match,naturalness,clarity"
VB0007,ID Reference,gender_age_pitch,青年女性，声音温柔稳定，音高适中，语速较慢。,青年女性，声音温柔稳定，音高适中，语速较慢。,"青年女性, 温柔, 稳定, 中音, 慢速",t027,"diff=easy | attribute_match,naturalness,clarity"
VB0008,ID Reference,gender_age_pitch,青年女性，声音清脆明亮，语速适中，发音标准。,青年女性，声音清脆明亮，语速适中，发音标准。,"青年女性, 清脆, 明亮, 中速, 标准发音",t010,"diff=easy | attribute_match,naturalness,clarity"
VB0009,ID Reference,gender_age_pitch,青年女性，声音柔和自然，音高略高，情绪稳定。,青年女性，声音柔和自然，音高略高，情绪稳定。,"青年女性, 柔和, 自然, 略高音, 稳定",t030,"diff=easy | attribute_match,naturalness,clarity"
VB0010,ID Reference,gender_age_pitch,青年女性，声音明亮细致，语气平和，咬字清楚。,青年女性，声音明亮细致，语气平和，咬字清楚。,"青年女性, 明亮, 细致, 平和, 清楚",t017,"diff=easy | attribute_match,naturalness,clarity"
VB0011,ID Reference,gender_age_pitch,成年女性，声音温和稳定，音高适中，语速平稳。,成年女性，声音温和稳定，音高适中，语速平稳。,"成年女性, 温和, 稳定, 中音, 平稳",t032,"diff=easy | attribute_match,naturalness,clarity"
VB0012,ID Reference,gender_age_pitch,成年女性，声音清晰自然，音色圆润，表达流畅。,成年女性，声音清晰自然，音色圆润，表达流畅。,"成年女性, 清晰, 自然, 圆润, 流畅",t022,"diff=easy | attribute_match,naturalness,clarity"
VB0013,ID Reference,gender_age_pitch,成年女性，声音柔和端正，音高适中，发音清楚。,成年女性，声音柔和端正，音高适中，发音清楚。,"成年女性, 柔和, 端正, 中音, 清楚",t013,"diff=easy | attribute_match,naturalness,clarity"
VB0014,ID Reference,gender_age_pitch,成年女性，声音明亮饱满，语速适中，语气平稳。,成年女性，声音明亮饱满，语速适中，语气平稳。,"成年女性, 明亮, 饱满, 中速, 平稳",t004,"diff=easy | attribute_match,naturalness,clarity"
VB0015,ID Reference,gender_age_pitch,成年女性，声音干净稳健，音色自然，节奏规整。,成年女性，声音干净稳健，音色自然，节奏规整。,"成年女性, 干净, 稳健, 自然, 规整",t040,"diff=easy | attribute_match,naturalness,clarity"
VB0016,ID Reference,gender_age_pitch,成年女性，声音温暖清晰，音高略低，表达自然。,成年女性，声音温暖清晰，音高略低，表达自然。,"成年女性, 温暖, 清晰, 略低音, 自然",t039,"diff=easy | attribute_match,naturalness,clarity"
VB0017,ID Reference,gender_age_pitch,成年女性，声音柔顺平稳，语速较慢，语气温和。,成年女性，声音柔顺平稳，语速较慢，语气温和。,"成年女性, 柔顺, 平稳, 慢速, 温和",t011,"diff=easy | attribute_match,naturalness,clarity"
VB0018,ID Reference,gender_age_pitch,成年女性，声音清亮稳定，音高适中，咬字清晰。,成年女性，声音清亮稳定，音高适中，咬字清晰。,"成年女性, 清亮, 稳定, 中音, 清晰",t025,"diff=easy | attribute_match,naturalness,clarity"
VB0019,ID Reference,gender_age_pitch,成年女性，声音成熟自然，音色饱满，节奏适中。,成年女性，声音成熟自然，音色饱满，节奏适中。,"成年女性, 成熟, 自然, 饱满, 中速",t036,"diff=easy | attribute_match,naturalness,clarity"
VB0020,ID Reference,gender_age_pitch,成年女性，声音端正清楚，音高适中，语调自然。,成年女性，声音端正清楚，音高适中，语调自然。,"成年女性, 端正, 清楚, 中音, 自然",t001,"diff=easy | attribute_match,naturalness,clarity"
VB0021,ID Reference,gender_age_pitch,中年女性，嗓音成熟稳重，音色厚实，语气平和。,中年女性，嗓音成熟稳重，音色厚实，语气平和。,"中年女性, 成熟, 稳重, 厚实, 平和",t044,"diff=easy | attribute_match,naturalness,clarity"
VB0022,ID Reference,gender_age_pitch,中年女性，声音温和清楚，音高适中，语速平稳。,中年女性，声音温和清楚，音高适中，语速平稳。,"中年女性, 温和, 清楚, 中音, 平稳",t019,"diff=easy | attribute_match,naturalness,clarity"
VB0023,ID Reference,gender_age_pitch,中年女性，声音沉稳自然，音色圆润，表达清晰。,中年女性，声音沉稳自然，音色圆润，表达清晰。,"中年女性, 沉稳, 自然, 圆润, 清晰",t034,"diff=easy | attribute_match,naturalness,clarity"
VB0024,ID Reference,gender_age_pitch,中年女性，声音成熟柔和，语速适中，发音标准。,中年女性，声音成熟柔和，语速适中，发音标准。,"中年女性, 成熟, 柔和, 中速, 标准发音",t049,"diff=easy | attribute_match,naturalness,clarity"
VB0025,ID Reference,gender_age_pitch,中年女性，声音稳定厚实，音高略低，语气端正。,中年女性，声音稳定厚实，音高略低，语气端正。,"中年女性, 稳定, 厚实, 略低音, 端正",t042,"diff=easy | attribute_match,naturalness,clarity"
VB0026,ID Reference,gender_age_pitch,中年女性，声音清晰稳健，节奏规整，表达自然。,中年女性，声音清晰稳健，节奏规整，表达自然。,"中年女性, 清晰, 稳健, 规整, 自然",t031,"diff=easy | attribute_match,naturalness,clarity"
VB0027,ID Reference,gender_age_pitch,中年女性，声音温暖饱满，音色成熟，语速较慢。,中年女性，声音温暖饱满，音色成熟，语速较慢。,"中年女性, 温暖, 饱满, 成熟, 慢速",t029,"diff=easy | attribute_match,naturalness,clarity"
VB0028,ID Reference,gender_age_pitch,中年女性，声音端庄平稳，音高适中，语气克制。,中年女性，声音端庄平稳，音高适中，语气克制。,"中年女性, 端庄, 平稳, 中音, 克制",t021,"diff=easy | attribute_match,naturalness,clarity"
VB0029,ID Reference,gender_age_pitch,中年女性，声音柔和厚实，发音清晰，语调自然。,中年女性，声音柔和厚实，发音清晰，语调自然。,"中年女性, 柔和, 厚实, 清晰, 自然",t023,"diff=easy | attribute_match,naturalness,clarity"
VB0030,ID Reference,gender_age_pitch,中年女性，声音稳重清亮，语速适中，情绪稳定。,中年女性，声音稳重清亮，语速适中，情绪稳定。,"中年女性, 稳重, 清亮, 中速, 稳定",t043,"diff=easy | attribute_match,naturalness,clarity"
VB0031,ID Reference,gender_age_pitch,老年女性，声音慈祥温和，语速缓慢，带轻微沙哑感。,老年女性，声音慈祥温和，语速缓慢，带轻微沙哑感。,"老年女性, 慈祥, 温和, 慢速, 轻微沙哑",t047,"diff=easy | attribute_match,naturalness,clarity"
VB0032,ID Reference,gender_age_pitch,老年女性，声音柔和缓慢，音高适中，语气平静。,老年女性，声音柔和缓慢，音高适中，语气平静。,"老年女性, 柔和, 缓慢, 中音, 平静",t037,"diff=easy | attribute_match,naturalness,clarity"
VB0033,ID Reference,gender_age_pitch,老年女性，声音温暖自然，音色略哑，表达清楚。,老年女性，声音温暖自然，音色略哑，表达清楚。,"老年女性, 温暖, 自然, 略哑, 清楚",t033,"diff=easy | attribute_match,naturalness,clarity"
VB0034,ID Reference,gender_age_pitch,老年女性，声音平和稳定，语速较慢，发音清晰。,老年女性，声音平和稳定，语速较慢，发音清晰。,"老年女性, 平和, 稳定, 慢速, 清晰",t045,"diff=easy | attribute_match,naturalness,clarity"
VB0035,ID Reference,gender_age_pitch,老年女性，声音柔缓厚实，音高略低，语气耐心。,老年女性，声音柔缓厚实，音高略低，语气耐心。,"老年女性, 柔缓, 厚实, 略低音, 耐心",t014,"diff=easy | attribute_match,naturalness,clarity"
VB0036,ID Reference,gender_age_pitch,老年女性，声音慈和清楚，节奏缓慢，停顿自然。,老年女性，声音慈和清楚，节奏缓慢，停顿自然。,"老年女性, 慈和, 清楚, 缓慢, 自然停顿",t050,"diff=easy | attribute_match,naturalness,clarity"
VB0037,ID Reference,gender_age_pitch,老年女性，声音温和沙哑，语速缓慢，语气安定。,老年女性，声音温和沙哑，语速缓慢，语气安定。,"老年女性, 温和, 沙哑, 慢速, 安定",t048,"diff=easy | attribute_match,naturalness,clarity"
VB0038,ID Reference,gender_age_pitch,老年女性，声音轻柔平稳，音色朴素，表达清晰。,老年女性，声音轻柔平稳，音色朴素，表达清晰。,"老年女性, 轻柔, 平稳, 朴素, 清晰",t003,"diff=easy | attribute_match,naturalness,clarity"
VB0039,ID Reference,gender_age_pitch,老年女性，声音低缓自然，语气平和，节奏稳定。,老年女性，声音低缓自然，语气平和，节奏稳定。,"老年女性, 低缓, 自然, 平和, 稳定",t028,"diff=easy | attribute_match,naturalness,clarity"
VB0040,ID Reference,gender_age_pitch,老年女性，声音温柔端正，语速较慢，咬字清楚。,老年女性，声音温柔端正，语速较慢，咬字清楚。,"老年女性, 温柔, 端正, 慢速, 清楚",t038,"diff=easy | attribute_match,naturalness,clarity"
VB0041,ID Reference,gender_age_pitch,青年男性，声音清亮干净，音高略高，语气积极。,青年男性，声音清亮干净，音高略高，语气积极。,"青年男性, 清亮, 干净, 略高音, 积极",t006,"diff=easy | attribute_match,naturalness,clarity"
VB0042,ID Reference,gender_age_pitch,青年男性，声音明快自然，语速适中，发音清楚。,青年男性，声音明快自然，语速适中，发音清楚。,"青年男性, 明快, 自然, 中速, 清楚",t035,"diff=easy | attribute_match,naturalness,clarity"
VB0043,ID Reference,gender_age_pitch,青年男性，声音清晰有活力，音高适中，节奏流畅。,青年男性，声音清晰有活力，音高适中，节奏流畅。,"青年男性, 清晰, 活力, 中音, 流畅",t007,"diff=easy | attribute_match,naturalness,clarity"
VB0044,ID Reference,gender_age_pitch,青年男性，声音干净稳定，音高略高，语调自然。,青年男性，声音干净稳定，音高略高，语调自然。,"青年男性, 干净, 稳定, 略高音, 自然",t009,"diff=easy | attribute_match,naturalness,clarity"
VB0045,ID Reference,gender_age_pitch,青年男性，声音明亮有力，语速较快，表达清楚。,青年男性，声音明亮有力，语速较快，表达清楚。,"青年男性, 明亮, 有力, 快速, 清楚",t015,"diff=easy | attribute_match,naturalness,clarity"
VB0046,ID Reference,gender_age_pitch,成年男性，嗓音自然饱满，音高适中，发音清楚。,成年男性，嗓音自然饱满，音高适中，发音清楚。,"成年男性, 自然, 饱满, 中音, 清楚",t016,"diff=easy | attribute_match,naturalness,clarity"
VB0047,ID Reference,gender_age_pitch,成年男性，声音清晰稳健，语速适中，语气平稳。,成年男性，声音清晰稳健，语速适中，语气平稳。,"成年男性, 清晰, 稳健, 中速, 平稳",t018,"diff=easy | attribute_match,naturalness,clarity"
VB0048,ID Reference,gender_age_pitch,成年男性，嗓音低缓自然，音色厚实，表达明确。,成年男性，嗓音低缓自然，音色厚实，表达明确。,"成年男性, 低缓, 自然, 厚实, 明确",t002,"diff=easy | attribute_match,naturalness,clarity"
VB0049,ID Reference,gender_age_pitch,成年男性，声音端正清楚，音高适中，节奏规整。,成年男性，声音端正清楚，音高适中，节奏规整。,"成年男性, 端正, 清楚, 中音, 规整",t008,"diff=easy | attribute_match,naturalness,clarity"
VB0050,ID Reference,gender_age_pitch,成年男性，嗓音温和饱满，语速平稳，语气自然。,成年男性，嗓音温和饱满，语速平稳，语气自然。,"成年男性, 温和, 饱满, 平稳, 自然",t041,"diff=easy | attribute_match,naturalness,clarity"
VB0051,ID Reference,emotion_style,青年女性，语气温柔安抚，声音柔和，表达有亲和力。,青年女性，语气温柔安抚，声音柔和，表达有亲和力。,"青年女性, 温柔, 安抚, 柔和, 亲和",t026,"diff=easy | attribute_match,naturalness,clarity"
VB0052,ID Reference,emotion_style,成年女性，语气轻快愉悦，声音明亮，情绪积极。,成年女性，语气轻快愉悦，声音明亮，情绪积极。,"成年女性, 轻快, 愉悦, 明亮, 积极",t024,"diff=easy | attribute_match,naturalness,clarity"
VB0053,ID Reference,emotion_style,中年女性，语气专业克制，声音稳定，表达清晰。,中年女性，语气专业克制，声音稳定，表达清晰。,"中年女性, 专业, 克制, 稳定, 清晰",t020,"diff=easy | attribute_match,naturalness,clarity"
VB0054,ID Reference,emotion_style,老年女性，语气亲切慈祥，声音柔和，节奏缓慢。,老年女性，语气亲切慈祥，声音柔和，节奏缓慢。,"老年女性, 亲切, 慈祥, 柔和, 慢速",t012,"diff=easy | attribute_match,naturalness,clarity"
VB0055,ID Reference,emotion_style,青年男性，语气积极自信，声音清亮，节奏较快。,青年男性，语气积极自信，声音清亮，节奏较快。,"青年男性, 积极, 自信, 清亮, 快节奏",t005,"diff=easy | attribute_match,naturalness,clarity"
VB0056,ID Reference,emotion_style,成年男性，语气冷静理性，嗓音自然，表达清楚。,成年男性，语气冷静理性，嗓音自然，表达清楚。,"成年男性, 冷静, 理性, 自然, 清楚",t046,"diff=easy | attribute_match,naturalness,clarity"
VB0057,ID Reference,emotion_style,中年男性，语气严肃克制，声音低沉，表达有权威感。,中年男性，语气严肃克制，声音低沉，表达有权威感。,"中年男性, 严肃, 克制, 低沉, 权威感",t027,"diff=easy | attribute_match,naturalness,clarity"
VB0058,ID Reference,emotion_style,老年男性，语气平和耐心，声音温和，语速较慢。,老年男性，语气平和耐心，声音温和，语速较慢。,"老年男性, 平和, 耐心, 温和, 慢速",t010,"diff=easy | attribute_match,naturalness,clarity"
VB0059,ID Reference,emotion_style,成年女性，语气真诚自然，声音清晰，情绪稳定。,成年女性，语气真诚自然，声音清晰，情绪稳定。,"成年女性, 真诚, 自然, 清晰, 稳定",t030,"diff=easy | attribute_match,naturalness,clarity"
VB0060,ID Reference,emotion_style,成年男性，语气稳重可靠，嗓音厚实，节奏平稳。,成年男性，语气稳重可靠，嗓音厚实，节奏平稳。,"成年男性, 稳重, 可靠, 厚实, 平稳",t017,"diff=easy | attribute_match,naturalness,clarity"
VB0061,ID Reference,emotion_style,青年女性，语气亲切礼貌，声音清亮，表达自然。,青年女性，语气亲切礼貌，声音清亮，表达自然。,"青年女性, 亲切, 礼貌, 清亮, 自然",t032,"diff=easy | attribute_match,naturalness,clarity"
VB0062,ID Reference,emotion_style,青年女性，语气平静温和，声音柔顺，情绪稳定。,青年女性，语气平静温和，声音柔顺，情绪稳定。,"青年女性, 平静, 温和, 柔顺, 稳定",t022,"diff=easy | attribute_match,naturalness,clarity"
VB0063,ID Reference,emotion_style,青年女性，语气明朗积极，声音明亮，节奏流畅。,青年女性，语气明朗积极，声音明亮，节奏流畅。,"青年女性, 明朗, 积极, 明亮, 流畅",t013,"diff=easy | attribute_match,naturalness,clarity"
VB0064,ID Reference,emotion_style,青年女性，语气认真专注，发音清晰，表达规整。,青年女性，语气认真专注，发音清晰，表达规整。,"青年女性, 认真, 专注, 清晰, 规整",t004,"diff=easy | attribute_match,naturalness,clarity"
VB0065,ID Reference,emotion_style,青年女性，语气柔和耐心，声音稳定，表达清楚。,青年女性，语气柔和耐心，声音稳定，表达清楚。,"青年女性, 柔和, 耐心, 稳定, 清楚",t040,"diff=easy | attribute_match,naturalness,clarity"
VB0066,ID Reference,emotion_style,青年女性，语气舒缓平和，语速较慢，声音自然。,青年女性，语气舒缓平和，语速较慢，声音自然。,"青年女性, 舒缓, 平和, 慢速, 自然",t039,"diff=easy | attribute_match,naturalness,clarity"
VB0067,ID Reference,emotion_style,成年女性，语气专业友好，声音端正，表达明确。,成年女性，语气专业友好，声音端正，表达明确。,"成年女性, 专业, 友好, 端正, 明确",t011,"diff=easy | attribute_match,naturalness,clarity"
VB0068,ID Reference,emotion_style,成年女性，语气沉着自然，声音清晰，节奏稳定。,成年女性，语气沉着自然，声音清晰，节奏稳定。,"成年女性, 沉着, 自然, 清晰, 稳定",t025,"diff=easy | attribute_match,naturalness,clarity"
VB0069,ID Reference,emotion_style,成年女性，语气温暖真诚，音色柔和，语速适中。,成年女性，语气温暖真诚，音色柔和，语速适中。,"成年女性, 温暖, 真诚, 柔和, 中速",t036,"diff=easy | attribute_match,naturalness,clarity"
VB0070,ID Reference,emotion_style,成年女性，语气客观中立，声音稳定，发音清楚。,成年女性，语气客观中立，声音稳定，发音清楚。,"成年女性, 客观, 中立, 稳定, 清楚",t001,"diff=easy | attribute_match,naturalness,clarity"
VB0071,ID Reference,emotion_style,成年女性，语气轻柔关切，声音温和，表达细致。,成年女性，语气轻柔关切，声音温和，表达细致。,"成年女性, 轻柔, 关切, 温和, 细致",t044,"diff=easy | attribute_match,naturalness,clarity"
VB0072,ID Reference,emotion_style,成年女性，语气清爽利落，声音明亮，节奏紧凑。,成年女性，语气清爽利落，声音明亮，节奏紧凑。,"成年女性, 清爽, 利落, 明亮, 紧凑",t019,"diff=easy | attribute_match,naturalness,clarity"
VB0073,ID Reference,emotion_style,中年女性，语气沉稳可靠，声音成熟，表达明确。,中年女性，语气沉稳可靠，声音成熟，表达明确。,"中年女性, 沉稳, 可靠, 成熟, 明确",t034,"diff=easy | attribute_match,naturalness,clarity"
VB0074,ID Reference,emotion_style,中年女性，语气端正专业，发音标准，情绪克制。,中年女性，语气端正专业，发音标准，情绪克制。,"中年女性, 端正, 专业, 标准发音, 克制",t049,"diff=easy | attribute_match,naturalness,clarity"
VB0075,ID Reference,emotion_style,中年女性，语气温和耐心，声音厚实，节奏平稳。,中年女性，语气温和耐心，声音厚实，节奏平稳。,"中年女性, 温和, 耐心, 厚实, 平稳",t042,"diff=easy | attribute_match,naturalness,clarity"
VB0076,ID Reference,emotion_style,中年女性，语气严谨清楚，声音稳定，表达有条理。,中年女性，语气严谨清楚，声音稳定，表达有条理。,"中年女性, 严谨, 清楚, 稳定, 条理",t031,"diff=easy | attribute_match,naturalness,clarity"
VB0077,ID Reference,emotion_style,中年女性，语气亲切自然，声音圆润，表达流畅。,中年女性，语气亲切自然，声音圆润，表达流畅。,"中年女性, 亲切, 自然, 圆润, 流畅",t029,"diff=easy | attribute_match,naturalness,clarity"
VB0078,ID Reference,emotion_style,中年女性，语气平和可信，音色温暖，语速适中。,中年女性，语气平和可信，音色温暖，语速适中。,"中年女性, 平和, 可信, 温暖, 中速",t021,"diff=easy | attribute_match,naturalness,clarity"
VB0079,ID Reference,emotion_style,老年女性，语气安定温柔，声音轻缓，发音清楚。,老年女性，语气安定温柔，声音轻缓，发音清楚。,"老年女性, 安定, 温柔, 轻缓, 清楚",t023,"diff=easy | attribute_match,naturalness,clarity"
VB0080,ID Reference,emotion_style,老年女性，语气慈祥耐心，声音温和，停顿自然。,老年女性，语气慈祥耐心，声音温和，停顿自然。,"老年女性, 慈祥, 耐心, 温和, 自然停顿",t043,"diff=easy | attribute_match,naturalness,clarity"
VB0081,ID Reference,emotion_style,老年女性，语气平静亲切，声音略哑，语速缓慢。,老年女性，语气平静亲切，声音略哑，语速缓慢。,"老年女性, 平静, 亲切, 略哑, 缓慢",t047,"diff=easy | attribute_match,naturalness,clarity"
VB0082,ID Reference,emotion_style,老年女性，语气舒缓稳定，声音柔和，表达清楚。,老年女性，语气舒缓稳定，声音柔和，表达清楚。,"老年女性, 舒缓, 稳定, 柔和, 清楚",t037,"diff=easy | attribute_match,naturalness,clarity"
VB0083,ID Reference,emotion_style,老年女性，语气温暖关怀，节奏较慢，声音自然。,老年女性，语气温暖关怀，节奏较慢，声音自然。,"老年女性, 温暖, 关怀, 慢节奏, 自然",t033,"diff=easy | attribute_match,naturalness,clarity"
VB0084,ID Reference,emotion_style,青年男性，语气友好自然，声音清晰，表达直接。,青年男性，语气友好自然，声音清晰，表达直接。,"青年男性, 友好, 自然, 清晰, 直接",t045,"diff=easy | attribute_match,naturalness,clarity"
VB0085,ID Reference,emotion_style,青年男性，语气明快积极，声音有力，语速适中。,青年男性，语气明快积极，声音有力，语速适中。,"青年男性, 明快, 积极, 有力, 中速",t014,"diff=easy | attribute_match,naturalness,clarity"
VB0086,ID Reference,emotion_style,青年男性，语气礼貌克制，声音干净，发音清楚。,青年男性，语气礼貌克制，声音干净，发音清楚。,"青年男性, 礼貌, 克制, 干净, 清楚",t050,"diff=easy | attribute_match,naturalness,clarity"
VB0087,ID Reference,emotion_style,青年男性，语气轻松自然，声音明亮，节奏流畅。,青年男性，语气轻松自然，声音明亮，节奏流畅。,"青年男性, 轻松, 自然, 明亮, 流畅",t048,"diff=easy | attribute_match,naturalness,clarity"
VB0088,ID Reference,emotion_style,青年男性，语气坚定清楚，声音稳定，表达明确。,青年男性，语气坚定清楚，声音稳定，表达明确。,"青年男性, 坚定, 清楚, 稳定, 明确",t003,"diff=easy | attribute_match,naturalness,clarity"
VB0089,ID Reference,emotion_style,成年男性，语气专业沉稳，嗓音饱满，节奏平稳。,成年男性，语气专业沉稳，嗓音饱满，节奏平稳。,"成年男性, 专业, 沉稳, 饱满, 平稳",t028,"diff=easy | attribute_match,naturalness,clarity"
VB0090,ID Reference,emotion_style,成年男性，语气真诚可靠，声音温和，表达清晰。,成年男性，语气真诚可靠，声音温和，表达清晰。,"成年男性, 真诚, 可靠, 温和, 清晰",t038,"diff=easy | attribute_match,naturalness,clarity"
VB0091,ID Reference,emotion_style,成年男性，语气客观理性，嗓音自然，语调平直。,成年男性，语气客观理性，嗓音自然，语调平直。,"成年男性, 客观, 理性, 自然, 平直",t006,"diff=easy | attribute_match,naturalness,clarity"
VB0092,ID Reference,emotion_style,成年男性，语气亲切耐心，声音清楚，语速适中。,成年男性，语气亲切耐心，声音清楚，语速适中。,"成年男性, 亲切, 耐心, 清楚, 中速",t035,"diff=easy | attribute_match,naturalness,clarity"
VB0093,ID Reference,emotion_style,成年男性，语气自信稳健，声音有力，表达顺畅。,成年男性，语气自信稳健，声音有力，表达顺畅。,"成年男性, 自信, 稳健, 有力, 顺畅",t007,"diff=easy | attribute_match,naturalness,clarity"
VB0094,ID Reference,emotion_style,成年男性，语气平和中立，音色干净，情绪稳定。,成年男性，语气平和中立，音色干净，情绪稳定。,"成年男性, 平和, 中立, 干净, 稳定",t009,"diff=easy | attribute_match,naturalness,clarity"
VB0095,ID Reference,emotion_style,中年男性，语气稳重专业，嗓音低沉，表达明确。,中年男性，语气稳重专业，嗓音低沉，表达明确。,"中年男性, 稳重, 专业, 低沉, 明确",t015,"diff=easy | attribute_match,naturalness,clarity"
VB0096,ID Reference,emotion_style,中年男性，语气严谨克制，声音厚实，发音清楚。,中年男性，语气严谨克制，声音厚实，发音清楚。,"中年男性, 严谨, 克制, 厚实, 清楚",t016,"diff=easy | attribute_match,naturalness,clarity"
VB0097,ID Reference,emotion_style,中年男性，语气沉着耐心，节奏缓慢，声音温和。,中年男性，语气沉着耐心，节奏缓慢，声音温和。,"中年男性, 沉着, 耐心, 缓慢, 温和",t018,"diff=easy | attribute_match,naturalness,clarity"
VB0098,ID Reference,emotion_style,中年男性，语气权威平稳，嗓音低缓，表达清晰。,中年男性，语气权威平稳，嗓音低缓，表达清晰。,"中年男性, 权威, 平稳, 低缓, 清晰",t002,"diff=easy | attribute_match,naturalness,clarity"
VB0099,ID Reference,emotion_style,中年男性，语气务实可靠，声音稳定，语调自然。,中年男性，语气务实可靠，声音稳定，语调自然。,"中年男性, 务实, 可靠, 稳定, 自然",t008,"diff=easy | attribute_match,naturalness,clarity"
VB0100,ID Reference,emotion_style,中年男性，语气亲和稳重，嗓音饱满，语速适中。,中年男性，语气亲和稳重，嗓音饱满，语速适中。,"中年男性, 亲和, 稳重, 饱满, 中速",t041,"diff=easy | attribute_match,naturalness,clarity"
VB0101,ID Reference,speaking_rate_prosody,青年男性，语速较快，节奏紧凑，咬字清晰有力。,青年男性，语速较快，节奏紧凑，咬字清晰有力。,"青年男性, 快速, 紧凑, 清晰, 有力",t026,"diff=easy | attribute_match,naturalness,clarity"
VB0102,ID Reference,speaking_rate_prosody,青年女性，语速较慢，停顿自然，声音柔和稳定。,青年女性，语速较慢，停顿自然，声音柔和稳定。,"青年女性, 慢速, 自然停顿, 柔和, 稳定",t024,"diff=easy | attribute_match,naturalness,clarity"
VB0103,ID Reference,speaking_rate_prosody,成年女性，语速适中，节奏流畅，发音清楚。,成年女性，语速适中，节奏流畅，发音清楚。,"成年女性, 中速, 流畅, 清楚",t020,"diff=easy | attribute_match,naturalness,clarity"
VB0104,ID Reference,speaking_rate_prosody,成年男性，语速平稳，重音明确，表达条理清楚。,成年男性，语速平稳，重音明确，表达条理清楚。,"成年男性, 平稳, 重音明确, 条理清楚",t012,"diff=easy | attribute_match,naturalness,clarity"
VB0105,ID Reference,speaking_rate_prosody,中年男性，语速较慢，停顿较多，语气沉稳。,中年男性，语速较慢，停顿较多，语气沉稳。,"中年男性, 慢速, 停顿多, 沉稳",t005,"diff=easy | attribute_match,naturalness,clarity"
VB0106,ID Reference,speaking_rate_prosody,中年女性，语速适中，节奏规整，咬字清晰。,中年女性，语速适中，节奏规整，咬字清晰。,"中年女性, 中速, 规整, 清晰",t046,"diff=easy | attribute_match,naturalness,clarity"
VB0107,ID Reference,speaking_rate_prosody,老年男性，语速缓慢，停顿自然，语气平和。,老年男性，语速缓慢，停顿自然，语气平和。,"老年男性, 缓慢, 自然停顿, 平和",t027,"diff=easy | attribute_match,naturalness,clarity"
VB0108,ID Reference,speaking_rate_prosody,老年女性，语速较慢，声音柔和，表达清楚。,老年女性，语速较慢，声音柔和，表达清楚。,"老年女性, 慢速, 柔和, 清楚",t010,"diff=easy | attribute_match,naturalness,clarity"
VB0109,ID Reference,speaking_rate_prosody,青年女性，节奏轻快，语调上扬，表达活泼。,青年女性，节奏轻快，语调上扬，表达活泼。,"青年女性, 轻快节奏, 上扬语调, 活泼",t030,"diff=easy | attribute_match,naturalness,clarity"
VB0110,ID Reference,speaking_rate_prosody,成年男性，节奏稳定，语调平直，表达克制。,成年男性，节奏稳定，语调平直，表达克制。,"成年男性, 稳定节奏, 平直语调, 克制",t017,"diff=easy | attribute_match,naturalness,clarity"
VB0111,ID Reference,speaking_rate_prosody,青年女性，语速适中偏慢，停顿短促自然，语气温和。,青年女性，语速适中偏慢，停顿短促自然，语气温和。,"青年女性, 中慢速, 短停顿, 自然, 温和",t032,"diff=easy | attribute_match,naturalness,clarity"
VB0112,ID Reference,speaking_rate_prosody,青年女性，语速适中偏快，节奏均匀，发音清晰。,青年女性，语速适中偏快，节奏均匀，发音清晰。,"青年女性, 中快速, 均匀节奏, 清晰",t022,"diff=easy | attribute_match,naturalness,clarity"
VB0113,ID Reference,speaking_rate_prosody,青年女性，语速缓慢，语调平稳，表达细致。,青年女性，语速缓慢，语调平稳，表达细致。,"青年女性, 缓慢, 平稳语调, 细致",t013,"diff=easy | attribute_match,naturalness,clarity"
VB0114,ID Reference,speaking_rate_prosody,青年女性，语速较快，重音轻柔，节奏流畅。,青年女性，语速较快，重音轻柔，节奏流畅。,"青年女性, 快速, 轻柔重音, 流畅",t004,"diff=easy | attribute_match,naturalness,clarity"
VB0115,ID Reference,speaking_rate_prosody,青年女性，语速适中，尾音自然收束，语气平和。,青年女性，语速适中，尾音自然收束，语气平和。,"青年女性, 中速, 尾音收束, 平和",t040,"diff=easy | attribute_match,naturalness,clarity"
VB0116,ID Reference,speaking_rate_prosody,成年女性，语速平稳，停顿明确，表达有条理。,成年女性，语速平稳，停顿明确，表达有条理。,"成年女性, 平稳, 明确停顿, 有条理",t039,"diff=easy | attribute_match,naturalness,clarity"
VB0117,ID Reference,speaking_rate_prosody,成年女性，语速较慢，节奏舒缓，咬字清楚。,成年女性，语速较慢，节奏舒缓，咬字清楚。,"成年女性, 慢速, 舒缓节奏, 清楚",t011,"diff=easy | attribute_match,naturalness,clarity"
VB0118,ID Reference,speaking_rate_prosody,成年女性，语速适中，重音自然，语调温和。,成年女性，语速适中，重音自然，语调温和。,"成年女性, 中速, 自然重音, 温和",t025,"diff=easy | attribute_match,naturalness,clarity"
VB0119,ID Reference,speaking_rate_prosody,成年女性，语速偏快，节奏紧凑，表达利落。,成年女性，语速偏快，节奏紧凑，表达利落。,"成年女性, 偏快, 紧凑, 利落",t036,"diff=easy | attribute_match,naturalness,clarity"
VB0120,ID Reference,speaking_rate_prosody,成年女性，语速适中，停顿规整，声音稳定。,成年女性，语速适中，停顿规整，声音稳定。,"成年女性, 中速, 规整停顿, 稳定",t001,"diff=easy | attribute_match,naturalness,clarity"
VB0121,ID Reference,speaking_rate_prosody,成年女性，语速较慢，语调平直，表达克制。,成年女性，语速较慢，语调平直，表达克制。,"成年女性, 慢速, 平直语调, 克制",t044,"diff=easy | attribute_match,naturalness,clarity"
VB0122,ID Reference,speaking_rate_prosody,中年女性，语速平稳，重音清楚，节奏端正。,中年女性，语速平稳，重音清楚，节奏端正。,"中年女性, 平稳, 重音清楚, 端正",t019,"diff=easy | attribute_match,naturalness,clarity"
VB0123,ID Reference,speaking_rate_prosody,中年女性，语速适中，停顿自然，表达沉着。,中年女性，语速适中，停顿自然，表达沉着。,"中年女性, 中速, 自然停顿, 沉着",t034,"diff=easy | attribute_match,naturalness,clarity"
VB0124,ID Reference,speaking_rate_prosody,中年女性，语速较慢，节奏均匀，语气耐心。,中年女性，语速较慢，节奏均匀，语气耐心。,"中年女性, 慢速, 均匀节奏, 耐心",t049,"diff=easy | attribute_match,naturalness,clarity"
VB0125,ID Reference,speaking_rate_prosody,中年女性，语速适中偏快，咬字清晰，表达明确。,中年女性，语速适中偏快，咬字清晰，表达明确。,"中年女性, 中快速, 清晰, 明确",t042,"diff=easy | attribute_match,naturalness,clarity"
VB0126,ID Reference,speaking_rate_prosody,中年女性，语速缓慢，停顿较多，声音平和。,中年女性，语速缓慢，停顿较多，声音平和。,"中年女性, 缓慢, 停顿多, 平和",t031,"diff=easy | attribute_match,naturalness,clarity"
VB0127,ID Reference,speaking_rate_prosody,中年女性，语速平稳，语调自然起伏，表达清楚。,中年女性，语速平稳，语调自然起伏，表达清楚。,"中年女性, 平稳, 自然起伏, 清楚",t029,"diff=easy | attribute_match,naturalness,clarity"
VB0128,ID Reference,speaking_rate_prosody,老年女性，语速缓慢，停顿充分，语气慈和。,老年女性，语速缓慢，停顿充分，语气慈和。,"老年女性, 缓慢, 充分停顿, 慈和",t021,"diff=easy | attribute_match,naturalness,clarity"
VB0129,ID Reference,speaking_rate_prosody,老年女性，语速较慢，节奏柔缓，发音清晰。,老年女性，语速较慢，节奏柔缓，发音清晰。,"老年女性, 慢速, 柔缓节奏, 清晰",t023,"diff=easy | attribute_match,naturalness,clarity"
VB0130,ID Reference,speaking_rate_prosody,老年女性，语速平缓，语调低缓，表达自然。,老年女性，语速平缓，语调低缓，表达自然。,"老年女性, 平缓, 低缓语调, 自然",t043,"diff=easy | attribute_match,naturalness,clarity"
VB0131,ID Reference,speaking_rate_prosody,老年女性，语速缓慢，重音轻柔，声音稳定。,老年女性，语速缓慢，重音轻柔，声音稳定。,"老年女性, 缓慢, 轻柔重音, 稳定",t047,"diff=easy | attribute_match,naturalness,clarity"
VB0132,ID Reference,speaking_rate_prosody,老年女性，语速较慢，尾音平稳，表达清楚。,老年女性，语速较慢，尾音平稳，表达清楚。,"老年女性, 慢速, 尾音平稳, 清楚",t037,"diff=easy | attribute_match,naturalness,clarity"
VB0133,ID Reference,speaking_rate_prosody,青年男性，语速偏快，节奏明快，发音清楚。,青年男性，语速偏快，节奏明快，发音清楚。,"青年男性, 偏快, 明快节奏, 清楚",t033,"diff=easy | attribute_match,naturalness,clarity"
VB0134,ID Reference,speaking_rate_prosody,青年男性，语速适中，重音明确，语气积极。,青年男性，语速适中，重音明确，语气积极。,"青年男性, 中速, 重音明确, 积极",t045,"diff=easy | attribute_match,naturalness,clarity"
VB0135,ID Reference,speaking_rate_prosody,青年男性，语速较快，停顿较少，表达流畅。,青年男性，语速较快，停顿较少，表达流畅。,"青年男性, 快速, 停顿少, 流畅",t014,"diff=easy | attribute_match,naturalness,clarity"
VB0136,ID Reference,speaking_rate_prosody,青年男性，语速平稳，语调自然上扬，声音清亮。,青年男性，语速平稳，语调自然上扬，声音清亮。,"青年男性, 平稳, 上扬语调, 清亮",t050,"diff=easy | attribute_match,naturalness,clarity"
VB0137,ID Reference,speaking_rate_prosody,青年男性，语速适中偏慢，节奏清楚，表达稳健。,青年男性，语速适中偏慢，节奏清楚，表达稳健。,"青年男性, 中慢速, 清楚节奏, 稳健",t048,"diff=easy | attribute_match,naturalness,clarity"
VB0138,ID Reference,speaking_rate_prosody,青年男性，语速较快，重音有力，表达明确。,青年男性，语速较快，重音有力，表达明确。,"青年男性, 快速, 有力重音, 明确",t003,"diff=easy | attribute_match,naturalness,clarity"
VB0139,ID Reference,speaking_rate_prosody,成年男性，语速适中，节奏均匀，嗓音稳定。,成年男性，语速适中，节奏均匀，嗓音稳定。,"成年男性, 中速, 均匀节奏, 稳定",t028,"diff=easy | attribute_match,naturalness,clarity"
VB0140,ID Reference,speaking_rate_prosody,成年男性，语速较慢，停顿明确，语气稳重。,成年男性，语速较慢，停顿明确，语气稳重。,"成年男性, 慢速, 明确停顿, 稳重",t038,"diff=easy | attribute_match,naturalness,clarity"
VB0141,ID Reference,speaking_rate_prosody,成年男性，语速平稳，语调平直，表达清晰。,成年男性，语速平稳，语调平直，表达清晰。,"成年男性, 平稳, 平直语调, 清晰",t006,"diff=easy | attribute_match,naturalness,clarity"
VB0142,ID Reference,speaking_rate_prosody,成年男性，语速偏快，节奏紧凑，咬字有力。,成年男性，语速偏快，节奏紧凑，咬字有力。,"成年男性, 偏快, 紧凑, 有力",t035,"diff=easy | attribute_match,naturalness,clarity"
VB0143,ID Reference,speaking_rate_prosody,成年男性，语速适中偏慢，重音自然，声音厚实。,成年男性，语速适中偏慢，重音自然，声音厚实。,"成年男性, 中慢速, 自然重音, 厚实",t007,"diff=easy | attribute_match,naturalness,clarity"
VB0144,ID Reference,speaking_rate_prosody,成年男性，语速稳定，尾音干净，表达利落。,成年男性，语速稳定，尾音干净，表达利落。,"成年男性, 稳定, 尾音干净, 利落",t009,"diff=easy | attribute_match,naturalness,clarity"
VB0145,ID Reference,speaking_rate_prosody,中年男性，语速适中，重音稳健，语气专业。,中年男性，语速适中，重音稳健，语气专业。,"中年男性, 中速, 稳健重音, 专业",t015,"diff=easy | attribute_match,naturalness,clarity"
VB0146,ID Reference,speaking_rate_prosody,中年男性，语速缓慢，停顿自然，表达沉稳。,中年男性，语速缓慢，停顿自然，表达沉稳。,"中年男性, 缓慢, 自然停顿, 沉稳",t016,"diff=easy | attribute_match,naturalness,clarity"
VB0147,ID Reference,speaking_rate_prosody,中年男性，语速平稳，语调低缓，嗓音厚实。,中年男性，语速平稳，语调低缓，嗓音厚实。,"中年男性, 平稳, 低缓语调, 厚实",t018,"diff=easy | attribute_match,naturalness,clarity"
VB0148,ID Reference,speaking_rate_prosody,中年男性，语速较慢，重音明确，表达权威。,中年男性，语速较慢，重音明确，表达权威。,"中年男性, 慢速, 重音明确, 权威",t002,"diff=easy | attribute_match,naturalness,clarity"
VB0149,ID Reference,speaking_rate_prosody,中年男性，语速适中偏快，节奏规整，发音清楚。,中年男性，语速适中偏快，节奏规整，发音清楚。,"中年男性, 中快速, 规整, 清楚",t008,"diff=easy | attribute_match,naturalness,clarity"
VB0150,ID Reference,speaking_rate_prosody,中年男性，语速平缓，停顿充分，语气可靠。,中年男性，语速平缓，停顿充分，语气可靠。,"中年男性, 平缓, 充分停顿, 可靠",t041,"diff=easy | attribute_match,naturalness,clarity"
VB0151,ID Reference,occupation_persona_can,onical成年女性客服，声音温和专业，语速适中，表达,耐心。成年女性客服，声音温和专业，语速适中，表达耐心。,"女性客服, 温和, 专业, 中速, 耐心",t026,"diff=easy | attribute_match,naturalness,clarity"
VB0152,ID Reference,occupation_persona_can,onical中年男性教师，嗓音稳重清晰，语气亲切但有秩,序感。中年男性教师，嗓音稳重清晰，语气亲切但有秩序感。,"男性教师, 稳重, 清晰, 亲切, 有秩序",t024,"diff=easy | attribute_match,naturalness,clarity"
VB0153,ID Reference,occupation_persona_can,onical青年女性主播，声音明亮自然，节奏流畅，情绪,饱满。青年女性主播，声音明亮自然，节奏流畅，情绪饱满。,"女性主播, 明亮, 自然, 流畅, 饱满",t020,"diff=easy | attribute_match,naturalness,clarity"
VB0154,ID Reference,occupation_persona_can,onical中年男性医生，语气平和稳重，表达清晰，声音,温和。中年男性医生，语气平和稳重，表达清晰，声音温和。,"男性医生, 平和, 稳重, 清晰, 温和",t012,"diff=easy | attribute_match,naturalness,clarity"
VB0155,ID Reference,occupation_persona_can,onical成年女性教师，声音柔和清晰，语速适中，表达,耐心。成年女性教师，声音柔和清晰，语速适中，表达耐心。,"女性教师, 柔和, 清晰, 中速, 耐心",t005,"diff=easy | attribute_match,naturalness,clarity"
VB0156,ID Reference,occupation_persona_can,onical青年男性客服，声音自然亲切，语气礼貌，表达,清楚。青年男性客服，声音自然亲切，语气礼貌，表达清楚。,"男性客服, 自然, 亲切, 礼貌, 清楚",t046,"diff=easy | attribute_match,naturalness,clarity"
VB0157,ID Reference,occupation_persona_can,onical中年女性播音员，发音标准，语速平稳，声音,端正。中年女性播音员，发音标准，语速平稳，声音端正。,"女性播音员, 标准发音, 平稳, 端正",t027,"diff=easy | attribute_match,naturalness,clarity"
VB0158,ID Reference,occupation_persona_can,onical成年男性讲解员，嗓音清晰稳定，语气自然，节奏,适中。成年男性讲解员，嗓音清晰稳定，语气自然，节奏适中。,"男性讲解员, 清晰, 稳定, 自然, 中速",t010,"diff=easy | attribute_match,naturalness,clarity"
VB0159,ID Reference,occupation_persona_can,onical青年女性助理，声音清亮礼貌，语速适中，表达,简洁。青年女性助理，声音清亮礼貌，语速适中，表达简洁。,"女性助理, 清亮, 礼貌, 中速, 简洁",t030,"diff=easy | attribute_match,naturalness,clarity"
VB0160,ID Reference,occupation_persona_can,onical中年男性经理，嗓音沉稳有力，语气专业，表达,明确。中年男性经理，嗓音沉稳有力，语气专业，表达明确。,"男性经理, 沉稳, 有力, 专业, 明确",t017,"diff=easy | attribute_match,naturalness,clarity"
VB0161,ID Reference,occupation_persona_can,onical青年女性客服，声音清晰亲切，语气礼貌，回答,耐心。青年女性客服，声音清晰亲切，语气礼貌，回答耐心。,"女性客服, 清晰, 亲切, 礼貌, 耐心",t032,"diff=easy | attribute_match,naturalness,clarity"
VB0162,ID Reference,occupation_persona_can,onical中年女性客服主管，声音稳定专业，语速平稳，表达,清楚。中年女性客服主管，声音稳定专业，语速平稳，表达清楚。,"女性客服主管, 稳定, 专业, 平稳, 清楚",t022,"diff=easy | attribute_match,naturalness,clarity"
VB0163,ID Reference,occupation_persona_can,onical成年男性客服，声音温和清楚，语气克制，表达,规范。成年男性客服，声音温和清楚，语气克制，表达规范。,"男性客服, 温和, 清楚, 克制, 规范",t013,"diff=easy | attribute_match,naturalness,clarity"
VB0164,ID Reference,occupation_persona_can,onical青年男性技术支持，声音清晰自然，表达条理,清楚。青年男性技术支持，声音清晰自然，表达条理清楚。,"男性技术支持, 清晰, 自然, 条理清楚",t004,"diff=easy | attribute_match,naturalness,clarity"
VB0165,ID Reference,occupation_persona_can,onical成年女性技术支持，声音稳定专业，语速适中，说明,清楚。成年女性技术支持，声音稳定专业，语速适中，说明清楚。,"女性技术支持, 稳定, 专业, 中速, 清楚",t040,"diff=easy | attribute_match,naturalness,clarity"
VB0166,ID Reference,occupation_persona_can,onical中年男性技术支持，嗓音沉稳，语气耐心，表达,明确。中年男性技术支持，嗓音沉稳，语气耐心，表达明确。,"男性技术支持, 沉稳, 耐心, 明确",t039,"diff=easy | attribute_match,naturalness,clarity"
VB0167,ID Reference,occupation_persona_can,onical青年女性教师，声音柔和明亮，语气耐心，发音,清晰。青年女性教师，声音柔和明亮，语气耐心，发音清晰。,"女性教师, 柔和, 明亮, 耐心, 清晰",t011,"diff=easy | attribute_match,naturalness,clarity"
VB0168,ID Reference,occupation_persona_can,onical成年男性教师，声音清楚稳重，语速适中，讲述有,条理。成年男性教师，声音清楚稳重，语速适中，讲述有条理。,"男性教师, 清楚, 稳重, 中速, 有条理",t025,"diff=easy | attribute_match,naturalness,clarity"
VB0169,ID Reference,occupation_persona_can,onical中年女性教师，声音成熟温和，语气平稳，表达,清晰。中年女性教师，声音成熟温和，语气平稳，表达清晰。,"女性教师, 成熟, 温和, 平稳, 清晰",t036,"diff=easy | attribute_match,naturalness,clarity"
VB0170,ID Reference,occupation_persona_can,onical老年男性教师，声音低缓温和，语速较慢，表达,耐心。老年男性教师，声音低缓温和，语速较慢，表达耐心。,"男性教师, 低缓, 温和, 慢速, 耐心",t001,"diff=easy | attribute_match,naturalness,clarity"
VB0171,ID Reference,occupation_persona_can,onical成年女性医生，声音温和稳定，语气专业，表达,清楚。成年女性医生，声音温和稳定，语气专业，表达清楚。,"女性医生, 温和, 稳定, 专业, 清楚",t044,"diff=easy | attribute_match,naturalness,clarity"
VB0172,ID Reference,occupation_persona_can,onical中年女性医生，声音沉稳亲切，语速适中，说明,明确。中年女性医生，声音沉稳亲切，语速适中，说明明确。,"女性医生, 沉稳, 亲切, 中速, 明确",t019,"diff=easy | attribute_match,naturalness,clarity"
VB0173,ID Reference,occupation_persona_can,onical成年男性医生，嗓音自然厚实，语气平和，表达,清晰。成年男性医生，嗓音自然厚实，语气平和，表达清晰。,"男性医生, 自然, 厚实, 平和, 清晰",t034,"diff=easy | attribute_match,naturalness,clarity"
VB0174,ID Reference,occupation_persona_can,onical老年男性医生，声音低缓稳重，语气耐心，发音,清楚。老年男性医生，声音低缓稳重，语气耐心，发音清楚。,"男性医生, 低缓, 稳重, 耐心, 清楚",t049,"diff=easy | attribute_match,naturalness,clarity"
VB0175,ID Reference,occupation_persona_can,onical青年女性护士，声音温柔清楚，语气亲切，节奏,平稳。青年女性护士，声音温柔清楚，语气亲切，节奏平稳。,"女性护士, 温柔, 清楚, 亲切, 平稳",t042,"diff=easy | attribute_match,naturalness,clarity"
VB0176,ID Reference,occupation_persona_can,onical成年男性护士，声音温和自然，语气耐心，表达,明确。成年男性护士，声音温和自然，语气耐心，表达明确。,"男性护士, 温和, 自然, 耐心, 明确",t031,"diff=easy | attribute_match,naturalness,clarity"
VB0177,ID Reference,occupation_persona_can,onical中年女性护士，声音成熟稳定，语速适中，语气,关切。中年女性护士，声音成熟稳定，语速适中，语气关切。,"女性护士, 成熟, 稳定, 中速, 关切",t029,"diff=easy | attribute_match,naturalness,clarity"
VB0178,ID Reference,occupation_persona_can,onical青年女性播音员，发音标准，声音明亮，语调,自然。青年女性播音员，发音标准，声音明亮，语调自然。,"女性播音员, 标准发音, 明亮, 自然语调",t021,"diff=easy | attribute_match,naturalness,clarity"
VB0179,ID Reference,occupation_persona_can,onical成年男性播音员，嗓音端正清晰，语速平稳，表达,规范。成年男性播音员，嗓音端正清晰，语速平稳，表达规范。,"男性播音员, 端正, 清晰, 平稳, 规范",t023,"diff=easy | attribute_match,naturalness,clarity"
VB0180,ID Reference,occupation_persona_can,onical中年男性播音员，声音低沉稳重，发音标准，节奏,规整。中年男性播音员，声音低沉稳重，发音标准，节奏规整。,"男性播音员, 低沉, 稳重, 标准发音, 规整",t043,"diff=easy | attribute_match,naturalness,clarity"
VB0181,ID Reference,occupation_persona_can,onical青年女性讲解员，声音清亮自然，语速适中，说明,清楚。青年女性讲解员，声音清亮自然，语速适中，说明清楚。,"女性讲解员, 清亮, 自然, 中速, 清楚",t047,"diff=easy | attribute_match,naturalness,clarity"
VB0182,ID Reference,occupation_persona_can,onical成年女性讲解员，声音柔和专业，节奏流畅，表达,明确。成年女性讲解员，声音柔和专业，节奏流畅，表达明确。,"女性讲解员, 柔和, 专业, 流畅, 明确",t037,"diff=easy | attribute_match,naturalness,clarity"
VB0183,ID Reference,occupation_persona_can,onical中年女性讲解员，声音稳定端正，语气平和，发音,清晰。中年女性讲解员，声音稳定端正，语气平和，发音清晰。,"女性讲解员, 稳定, 端正, 平和, 清晰",t033,"diff=easy | attribute_match,naturalness,clarity"
VB0184,ID Reference,occupation_persona_can,onical青年男性讲解员，声音清晰明快，语气自然，节奏,流畅。青年男性讲解员，声音清晰明快，语气自然，节奏流畅。,"男性讲解员, 清晰, 明快, 自然, 流畅",t045,"diff=easy | attribute_match,naturalness,clarity"
VB0185,ID Reference,occupation_persona_can,onical中年男性讲解员，嗓音沉稳清楚，语速适中，表达有,条理。中年男性讲解员，嗓音沉稳清楚，语速适中，表达有条理。,"男性讲解员, 沉稳, 清楚, 中速, 有条理",t014,"diff=easy | attribute_match,naturalness,clarity"
VB0186,ID Reference,occupation_persona_can,onical成年女性助理，声音清楚礼貌，语气专业，表达,简洁。成年女性助理，声音清楚礼貌，语气专业，表达简洁。,"女性助理, 清楚, 礼貌, 专业, 简洁",t050,"diff=easy | attribute_match,naturalness,clarity"
VB0187,ID Reference,occupation_persona_can,onical青年男性助理，声音干净自然，语速适中，表达,明确。青年男性助理，声音干净自然，语速适中，表达明确。,"男性助理, 干净, 自然, 中速, 明确",t048,"diff=easy | attribute_match,naturalness,clarity"
VB0188,ID Reference,occupation_persona_can,onical成年男性助理，声音稳定礼貌，语气克制，表达,清晰。成年男性助理，声音稳定礼貌，语气克制，表达清晰。,"男性助理, 稳定, 礼貌, 克制, 清晰",t003,"diff=easy | attribute_match,naturalness,clarity"
VB0189,ID Reference,occupation_persona_can,onical中年女性经理，声音成熟稳定，语气专业，表达,明确。中年女性经理，声音成熟稳定，语气专业，表达明确。,"女性经理, 成熟, 稳定, 专业, 明确",t028,"diff=easy | attribute_match,naturalness,clarity"
VB0190,ID Reference,occupation_persona_can,onical成年男性经理，嗓音稳健自然，语气平和，表达,清楚。成年男性经理，嗓音稳健自然，语气平和，表达清楚。,"男性经理, 稳健, 自然, 平和, 清楚",t038,"diff=easy | attribute_match,naturalness,clarity"
VB0191,ID Reference,occupation_persona_can,onical青年女性主持人，声音明亮清晰，节奏流畅，语气,自然。青年女性主持人，声音明亮清晰，节奏流畅，语气自然。,"女性主持人, 明亮, 清晰, 流畅, 自然",t006,"diff=easy | attribute_match,naturalness,clarity"
VB0192,ID Reference,occupation_persona_can,onical成年男性主持人，声音饱满稳健，语速适中，表达,清楚。成年男性主持人，声音饱满稳健，语速适中，表达清楚。,"男性主持人, 饱满, 稳健, 中速, 清楚",t035,"diff=easy | attribute_match,naturalness,clarity"
VB0193,ID Reference,occupation_persona_can,onical中年女性主持人，声音端正成熟，语气稳重，发音,标准。中年女性主持人，声音端正成熟，语气稳重，发音标准。,"女性主持人, 端正, 成熟, 稳重, 标准发音",t007,"diff=easy | attribute_match,naturalness,clarity"
VB0194,ID Reference,occupation_persona_can,onical青年男性主持人，声音清亮有力，语气积极，节奏,明快。青年男性主持人，声音清亮有力，语气积极，节奏明快。,"男性主持人, 清亮, 有力, 积极, 明快",t009,"diff=easy | attribute_match,naturalness,clarity"
VB0195,ID Reference,occupation_persona_can,onical成年女性培训师，声音专业温和，节奏规整，表达有,条理。成年女性培训师，声音专业温和，节奏规整，表达有条理。,"女性培训师, 专业, 温和, 规整, 有条理",t015,"diff=easy | attribute_match,naturalness,clarity"
VB0196,ID Reference,occupation_persona_can,onical中年男性培训师，嗓音沉稳清晰，语气专业，表达,明确。中年男性培训师，嗓音沉稳清晰，语气专业，表达明确。,"男性培训师, 沉稳, 清晰, 专业, 明确",t016,"diff=easy | attribute_match,naturalness,clarity"
VB0197,ID Reference,occupation_persona_can,onical青年女性销售顾问，声音亲切明亮，语速适中，表达,清楚。青年女性销售顾问，声音亲切明亮，语速适中，表达清楚。,"女性销售顾问, 亲切, 明亮, 中速, 清楚",t018,"diff=easy | attribute_match,naturalness,clarity"
VB0198,ID Reference,occupation_persona_can,onical成年男性销售顾问，声音稳健礼貌，语气可信，表达,明确。成年男性销售顾问，声音稳健礼貌，语气可信，表达明确。,"男性销售顾问, 稳健, 礼貌, 可信, 明确",t002,"diff=easy | attribute_match,naturalness,clarity"
VB0199,ID Reference,occupation_persona_can,onical中年女性顾问，声音成熟专业，语气平和，表达,清晰。中年女性顾问，声音成熟专业，语气平和，表达清晰。,"女性顾问, 成熟, 专业, 平和, 清晰",t008,"diff=easy | attribute_match,naturalness,clarity"
VB0200,ID Reference,occupation_persona_can,onical中年男性顾问，嗓音低沉稳重，语速平稳，表达,可靠。中年男性顾问，嗓音低沉稳重，语速平稳，表达可靠。,"男性顾问, 低沉, 稳重, 平稳, 可靠",t041,"diff=easy | attribute_match,naturalness,clarity"
VB0201,ID Reference,mixed_standard_attributes,青年女性，声音柔和明亮，语速较慢，语气温暖且有安抚感。,青年女性，声音柔和明亮，语速较慢，语气温暖且有安抚感。,"青年女性, 柔和, 明亮, 慢速, 温暖, 安抚",t026,"diff=easy | attribute_match,naturalness,clarity"
VB0202,ID Reference,mixed_standard_attributes,中年男性，嗓音低沉厚实，语速适中，语气严肃但不生硬。,中年男性，嗓音低沉厚实，语速适中，语气严肃但不生硬。,"中年男性, 低沉, 厚实, 中速, 严肃, 不生硬",t024,"diff=easy | attribute_match,naturalness,clarity"
VB0203,ID Reference,mixed_standard_attributes,成年女性，声音清晰自然，节奏稳定，表达专业且亲切。,成年女性，声音清晰自然，节奏稳定，表达专业且亲切。,"成年女性, 清晰, 自然, 稳定, 专业, 亲切",t020,"diff=easy | attribute_match,naturalness,clarity"
VB0204,ID Reference,mixed_standard_attributes,青年男性，声音清亮有活力，语速较快，语气积极自信。,青年男性，声音清亮有活力，语速较快，语气积极自信。,"青年男性, 清亮, 活力, 快速, 积极, 自信",t012,"diff=easy | attribute_match,naturalness,clarity"
VB0205,ID Reference,mixed_standard_attributes,老年女性，声音温和慈祥，语速缓慢，表达清楚且耐心。,老年女性，声音温和慈祥，语速缓慢，表达清楚且耐心。,"老年女性, 温和, 慈祥, 慢速, 清楚, 耐心",t005,"diff=easy | attribute_match,naturalness,clarity"
VB0206,ID Reference,mixed_standard_attributes,成年男性，嗓音自然饱满，语速平稳，语气真诚可靠。,成年男性，嗓音自然饱满，语速平稳，语气真诚可靠。,"成年男性, 自然, 饱满, 平稳, 真诚, 可靠",t046,"diff=easy | attribute_match,naturalness,clarity"
VB0207,ID Reference,mixed_standard_attributes,中年女性，声音成熟稳定，语气专业克制，发音清晰。,中年女性，声音成熟稳定，语气专业克制，发音清晰。,"中年女性, 成熟, 稳定, 专业, 克制, 清晰",t027,"diff=easy | attribute_match,naturalness,clarity"
VB0208,ID Reference,mixed_standard_attributes,老年男性，声音苍老温和，语速较慢，语气平和且有耐心。,老年男性，声音苍老温和，语速较慢，语气平和且有耐心。,"老年男性, 苍老, 温和, 慢速, 平和, 耐心",t010,"diff=easy | attribute_match,naturalness,clarity"
VB0209,ID Reference,mixed_standard_attributes,青年女性，声音明亮轻快，语调自然上扬，情绪积极。,青年女性，声音明亮轻快，语调自然上扬，情绪积极。,"青年女性, 明亮, 轻快, 上扬, 积极",t030,"diff=easy | attribute_match,naturalness,clarity"
VB0210,ID Reference,mixed_standard_attributes,成年男性，声音低沉稳定，节奏规整，表达冷静清楚。,成年男性，声音低沉稳定，节奏规整，表达冷静清楚。,"成年男性, 低沉, 稳定, 规整, 冷静, 清楚",t017,"diff=easy | attribute_match,naturalness,clarity"
VB0211,ID Reference,mixed_standard_attributes,青年女性，声音清亮柔和，语速适中，语气礼貌亲切。,青年女性，声音清亮柔和，语速适中，语气礼貌亲切。,"青年女性, 清亮, 柔和, 中速, 礼貌, 亲切",t032,"diff=easy | attribute_match,naturalness,clarity"
VB0212,ID Reference,mixed_standard_attributes,青年女性，声音温柔稳定，语速较慢，表达细致清楚。,青年女性，声音温柔稳定，语速较慢，表达细致清楚。,"青年女性, 温柔, 稳定, 慢速, 细致, 清楚",t022,"diff=easy | attribute_match,naturalness,clarity"
VB0213,ID Reference,mixed_standard_attributes,青年女性，声音明亮自然，节奏流畅，语气积极但克制。,青年女性，声音明亮自然，节奏流畅，语气积极但克制。,"青年女性, 明亮, 自然, 流畅, 积极, 克制",t013,"diff=easy | attribute_match,naturalness,clarity"
VB0214,ID Reference,mixed_standard_attributes,青年女性，声音干净清晰，语调平稳，表达专业中立。,青年女性，声音干净清晰，语调平稳，表达专业中立。,"青年女性, 干净, 清晰, 平稳, 专业, 中立",t004,"diff=easy | attribute_match,naturalness,clarity"
VB0215,ID Reference,mixed_standard_attributes,青年女性，声音柔和清楚，停顿自然，语气平静耐心。,青年女性，声音柔和清楚，停顿自然，语气平静耐心。,"青年女性, 柔和, 清楚, 自然停顿, 平静, 耐心",t040,"diff=easy | attribute_match,naturalness,clarity"
VB0216,ID Reference,mixed_standard_attributes,成年女性，声音温和饱满，语速适中，语气真诚自然。,成年女性，声音温和饱满，语速适中，语气真诚自然。,"成年女性, 温和, 饱满, 中速, 真诚, 自然",t039,"diff=easy | attribute_match,naturalness,clarity"
VB0217,ID Reference,mixed_standard_attributes,成年女性，声音清晰端正，节奏规整，表达专业明确。,成年女性，声音清晰端正，节奏规整，表达专业明确。,"成年女性, 清晰, 端正, 规整, 专业, 明确",t011,"diff=easy | attribute_match,naturalness,clarity"
VB0218,ID Reference,mixed_standard_attributes,成年女性，声音柔顺稳定，语调自然，情绪平和可靠。,成年女性，声音柔顺稳定，语调自然，情绪平和可靠。,"成年女性, 柔顺, 稳定, 自然语调, 平和, 可靠",t025,"diff=easy | attribute_match,naturalness,clarity"
VB0219,ID Reference,mixed_standard_attributes,成年女性，声音明亮清楚，语速偏快，表达利落友好。,成年女性，声音明亮清楚，语速偏快，表达利落友好。,"成年女性, 明亮, 清楚, 偏快, 利落, 友好",t036,"diff=easy | attribute_match,naturalness,clarity"
VB0220,ID Reference,mixed_standard_attributes,成年女性，声音成熟自然，语速较慢，语气关切耐心。,成年女性，声音成熟自然，语速较慢，语气关切耐心。,"成年女性, 成熟, 自然, 慢速, 关切, 耐心",t001,"diff=easy | attribute_match,naturalness,clarity"
VB0221,ID Reference,mixed_standard_attributes,中年女性，声音稳重温和，语速平稳，表达清楚可信。,中年女性，声音稳重温和，语速平稳，表达清楚可信。,"中年女性, 稳重, 温和, 平稳, 清楚, 可信",t044,"diff=easy | attribute_match,naturalness,clarity"
VB0222,ID Reference,mixed_standard_attributes,中年女性，声音成熟端正，语气严谨，发音标准清晰。,中年女性，声音成熟端正，语气严谨，发音标准清晰。,"中年女性, 成熟, 端正, 严谨, 标准发音, 清晰",t019,"diff=easy | attribute_match,naturalness,clarity"
VB0223,ID Reference,mixed_standard_attributes,中年女性，声音厚实柔和，节奏缓慢，表达耐心细致。,中年女性，声音厚实柔和，节奏缓慢，表达耐心细致。,"中年女性, 厚实, 柔和, 缓慢, 耐心, 细致",t034,"diff=easy | attribute_match,naturalness,clarity"
VB0224,ID Reference,mixed_standard_attributes,中年女性，声音稳定清亮，语气专业，表达简洁明确。,中年女性，声音稳定清亮，语气专业，表达简洁明确。,"中年女性, 稳定, 清亮, 专业, 简洁, 明确",t049,"diff=easy | attribute_match,naturalness,clarity"
VB0225,ID Reference,mixed_standard_attributes,中年女性，声音温暖成熟，停顿自然，语气亲切平和。,中年女性，声音温暖成熟，停顿自然，语气亲切平和。,"中年女性, 温暖, 成熟, 自然停顿, 亲切, 平和",t042,"diff=easy | attribute_match,naturalness,clarity"
VB0226,ID Reference,mixed_standard_attributes,老年女性，声音轻柔缓慢，语气慈和，表达清楚稳定。,老年女性，声音轻柔缓慢，语气慈和，表达清楚稳定。,"老年女性, 轻柔, 缓慢, 慈和, 清楚, 稳定",t031,"diff=easy | attribute_match,naturalness,clarity"
VB0227,ID Reference,mixed_standard_attributes,老年女性，声音温和略哑，节奏平缓，语气安定耐心。,老年女性，声音温和略哑，节奏平缓，语气安定耐心。,"老年女性, 温和, 略哑, 平缓, 安定, 耐心",t029,"diff=easy | attribute_match,naturalness,clarity"
VB0228,ID Reference,mixed_standard_attributes,老年女性，声音柔缓自然，停顿充分，表达平和清晰。,老年女性，声音柔缓自然，停顿充分，表达平和清晰。,"老年女性, 柔缓, 自然, 充分停顿, 平和, 清晰",t021,"diff=easy | attribute_match,naturalness,clarity"
VB0229,ID Reference,mixed_standard_attributes,老年女性，声音慈祥厚实，语速较慢，语调低缓稳定。,老年女性，声音慈祥厚实，语速较慢，语调低缓稳定。,"老年女性, 慈祥, 厚实, 慢速, 低缓, 稳定",t023,"diff=easy | attribute_match,naturalness,clarity"
VB0230,ID Reference,mixed_standard_attributes,老年女性，声音温暖清楚，语速缓慢，语气亲切自然。,老年女性，声音温暖清楚，语速缓慢，语气亲切自然。,"老年女性, 温暖, 清楚, 缓慢, 亲切, 自然",t043,"diff=easy | attribute_match,naturalness,clarity"
VB0231,ID Reference,mixed_standard_attributes,青年男性，声音明快清晰，语速偏快，语气积极礼貌。,青年男性，声音明快清晰，语速偏快，语气积极礼貌。,"青年男性, 明快, 清晰, 偏快, 积极, 礼貌",t047,"diff=easy | attribute_match,naturalness,clarity"
VB0232,ID Reference,mixed_standard_attributes,青年男性，声音干净自然，节奏流畅，表达自信明确。,青年男性，声音干净自然，节奏流畅，表达自信明确。,"青年男性, 干净, 自然, 流畅, 自信, 明确",t037,"diff=easy | attribute_match,naturalness,clarity"
VB0233,ID Reference,mixed_standard_attributes,青年男性，声音清亮稳定，语调上扬，情绪积极克制。,青年男性，声音清亮稳定，语调上扬，情绪积极克制。,"青年男性, 清亮, 稳定, 上扬, 积极, 克制",t033,"diff=easy | attribute_match,naturalness,clarity"
VB0234,ID Reference,mixed_standard_attributes,青年男性，声音有力清楚，语速适中，语气友好自然。,青年男性，声音有力清楚，语速适中，语气友好自然。,"青年男性, 有力, 清楚, 中速, 友好, 自然",t045,"diff=easy | attribute_match,naturalness,clarity"
VB0235,ID Reference,mixed_standard_attributes,青年男性，声音明亮端正，节奏紧凑，表达利落清晰。,青年男性，声音明亮端正，节奏紧凑，表达利落清晰。,"青年男性, 明亮, 端正, 紧凑, 利落, 清晰",t014,"diff=easy | attribute_match,naturalness,clarity"
VB0236,ID Reference,mixed_standard_attributes,成年男性，嗓音温和厚实，语速适中，语气平和可靠。,成年男性，嗓音温和厚实，语速适中，语气平和可靠。,"成年男性, 温和, 厚实, 中速, 平和, 可靠",t050,"diff=easy | attribute_match,naturalness,clarity"
VB0237,ID Reference,mixed_standard_attributes,成年男性，声音清晰稳健，节奏规整，表达专业中立。,成年男性，声音清晰稳健，节奏规整，表达专业中立。,"成年男性, 清晰, 稳健, 规整, 专业, 中立",t048,"diff=easy | attribute_match,naturalness,clarity"
VB0238,ID Reference,mixed_standard_attributes,成年男性，嗓音自然低缓，语气真诚，发音清楚稳定。,成年男性，嗓音自然低缓，语气真诚，发音清楚稳定。,"成年男性, 自然, 低缓, 真诚, 清楚, 稳定",t003,"diff=easy | attribute_match,naturalness,clarity"
VB0239,ID Reference,mixed_standard_attributes,成年男性，声音饱满有力，语速偏快，表达明确自信。,成年男性，声音饱满有力，语速偏快，表达明确自信。,"成年男性, 饱满, 有力, 偏快, 明确, 自信",t028,"diff=easy | attribute_match,naturalness,clarity"
VB0240,ID Reference,mixed_standard_attributes,成年男性，嗓音端正清楚，语调平直，语气冷静克制。,成年男性，嗓音端正清楚，语调平直，语气冷静克制。,"成年男性, 端正, 清楚, 平直, 冷静, 克制",t038,"diff=easy | attribute_match,naturalness,clarity"
VB0241,ID Reference,mixed_standard_attributes,中年男性，嗓音沉稳厚重，语速较慢，表达专业明确。,中年男性，嗓音沉稳厚重，语速较慢，表达专业明确。,"中年男性, 沉稳, 厚重, 慢速, 专业, 明确",t006,"diff=easy | attribute_match,naturalness,clarity"
VB0242,ID Reference,mixed_standard_attributes,中年男性，声音低沉清晰，停顿自然，语气平和可信。,中年男性，声音低沉清晰，停顿自然，语气平和可信。,"中年男性, 低沉, 清晰, 自然停顿, 平和, 可信",t035,"diff=easy | attribute_match,naturalness,clarity"
VB0243,ID Reference,mixed_standard_attributes,中年男性，嗓音稳健有力，节奏平稳，表达严谨清楚。,中年男性，嗓音稳健有力，节奏平稳，表达严谨清楚。,"中年男性, 稳健, 有力, 平稳, 严谨, 清楚",t007,"diff=easy | attribute_match,naturalness,clarity"
VB0244,ID Reference,mixed_standard_attributes,中年男性，声音厚实自然，语速适中，语气亲和稳重。,中年男性，声音厚实自然，语速适中，语气亲和稳重。,"中年男性, 厚实, 自然, 中速, 亲和, 稳重",t009,"diff=easy | attribute_match,naturalness,clarity"
VB0245,ID Reference,mixed_standard_attributes,中年男性，嗓音低缓端正，重音明确，表达权威克制。,中年男性，嗓音低缓端正，重音明确，表达权威克制。,"中年男性, 低缓, 端正, 重音明确, 权威, 克制",t015,"diff=easy | attribute_match,naturalness,clarity"
VB0246,ID Reference,mixed_standard_attributes,老年男性，声音低沉温和，语速缓慢，语气安定自然。,老年男性，声音低沉温和，语速缓慢，语气安定自然。,"老年男性, 低沉, 温和, 缓慢, 安定, 自然",t016,"diff=easy | attribute_match,naturalness,clarity"
VB0247,ID Reference,mixed_standard_attributes,老年男性，嗓音沙哑厚实，停顿充分，表达清楚耐心。,老年男性，嗓音沙哑厚实，停顿充分，表达清楚耐心。,"老年男性, 沙哑, 厚实, 充分停顿, 清楚, 耐心",t018,"diff=easy | attribute_match,naturalness,clarity"
VB0248,ID Reference,mixed_standard_attributes,老年男性，声音苍老平和，节奏低缓，语气可靠稳定。,老年男性，声音苍老平和，节奏低缓，语气可靠稳定。,"老年男性, 苍老, 平和, 低缓, 可靠, 稳定",t002,"diff=easy | attribute_match,naturalness,clarity"
VB0249,ID Reference,mixed_standard_attributes,老年男性，嗓音温和低缓，语速较慢，表达稳重清晰。,老年男性，嗓音温和低缓，语速较慢，表达稳重清晰。,"老年男性, 温和, 低缓, 慢速, 稳重, 清晰",t008,"diff=easy | attribute_match,naturalness,clarity"
VB0250,ID Reference,mixed_standard_attributes,老年男性，声音厚实自然，语气平静，停顿自然清楚。,老年男性，声音厚实自然，语气平静，停顿自然清楚。,"老年男性, 厚实, 自然, 平静, 自然停顿, 清楚",t041,"diff=easy | attribute_match,naturalness,clarity"
VB0251,Style OOD,colloquial,不太爱主动开口，但说出来的都靠谱,,"内向, 靠谱, 稳重, 话少",t026,
VB0252,Style OOD,colloquial,语气有点闷，可你愿意把心事交给他,,"内向, 信任感, 沉稳",t024,
VB0253,Style OOD,colloquial,嘴上挺安静，眼神和声音都在认真,,"内向, 专注, 真诚",t020,
VB0254,Style OOD,colloquial,不张扬，可一开口就让人觉得踏实,,"内向, 踏实, 可信",t012,
VB0255,Style OOD,colloquial,平时声音轻轻的，关键时刻特别稳,,"内向, 关键稳, 温和",t005,
VB0256,Style OOD,colloquial,嗓音不亮，但说话有种安心的分量,,"内向, 安心, 稳重",t046,
VB0257,Style OOD,colloquial,一开口就把场子带热的那种,,"外向, 热情, 感染力",t027,
VB0258,Style OOD,colloquial,声音里全是劲，说几句你都想笑,,"外向, 活泼, 有趣",t010,
VB0259,Style OOD,colloquial,说话特别上头，能把整桌人逗起来,,"外向, 活跃, 幽默",t030,
VB0260,Style OOD,colloquial,嗓门不小，热闹劲一直在线,,"外向, 高亢, 热闹",t017,
VB0261,Style OOD,colloquial,自来熟，几句话就跟你聊得火热,,"外向, 亲和, 开朗",t032,
VB0262,Style OOD,colloquial,听着就是聚会里最不冷场的那位,,"外向, 善社交, 热络",t022,
VB0263,Style OOD,colloquial,急是急，可话不糙，理还在,,"急脾气, 讲理, 直率",t013,
VB0264,Style OOD,colloquial,语速快得像追着事跑，但句句有逻辑,,"急脾气, 条理清晰, 快节奏",t004,
VB0265,Style OOD,colloquial,嗓子一冲，话说完又自己缓下来,,"急脾气, 自控, 直爽",t040,
VB0266,Style OOD,colloquial,像那种火气上来不骂人只讲道理的,,"急脾气, 克制, 讲理",t039,
VB0267,Style OOD,colloquial,性子急，但绝不胡说，理一条条摆,,"急脾气, 条理, 公正",t011,
VB0268,Style OOD,colloquial,嗓音有点冲，可你会被她说服,,"急脾气, 有说服力, 直接",t025,
VB0269,Style OOD,colloquial,不慌不忙，每个字都像称过,,"沉稳, 老成, 字斟句酌",t036,
VB0270,Style OOD,colloquial,说话像走稳路，不快不慢都妥帖,,"沉稳, 稳健, 老成",t001,
VB0271,Style OOD,colloquial,那股子稳劲，开口就压住场面,,"沉稳, 压场, 厚重",t044,
VB0272,Style OOD,colloquial,不带情绪，但每句都很有分寸,,"沉稳, 分寸感, 老练",t019,
VB0273,Style OOD,colloquial,嗓音里有种走过事的踏实,,"沉稳, 老成, 厚重",t034,
VB0274,Style OOD,colloquial,话不多，可你愿意听她拿主意,,"沉稳, 决断, 受信任",t049,
VB0275,Style OOD,colloquial,有啥说啥，不爱绕弯子,,"直率, 坦白, 不藏",t042,
VB0276,Style OOD,colloquial,一上来就把话挑明，挺爽快,,"直率, 爽快, 利落",t031,
VB0277,Style OOD,colloquial,说话像把话直接放你桌上,,"直率, 干脆, 真实",t029,
VB0278,Style OOD,colloquial,不修饰也不藏，听了反倒舒服,,"直率, 坦诚, 真实",t021,
VB0279,Style OOD,colloquial,嘴上不留情，可没坏心思,,"直率, 真诚, 直接",t023,
VB0280,Style OOD,colloquial,话里没多余东西，到点就停,,"直率, 简洁, 利落",t043,
VB0281,Style OOD,colloquial,话拐了好几个弯才到点上,,"委婉, 含蓄, 慢热",t047,
VB0282,Style OOD,colloquial,不直接说不，但你能听出来,,"委婉, 含蓄, 细腻",t037,
VB0283,Style OOD,colloquial,听着像是怕伤到你才慢慢说,,"委婉, 体贴, 温和",t033,
VB0284,Style OOD,colloquial,嗓音柔，话里总留一道台阶,,"委婉, 温柔, 体面",t045,
VB0285,Style OOD,colloquial,说话总绕一圈，又能让你点头,,"委婉, 圆融, 周到",t014,
VB0286,Style OOD,colloquial,不撕破，可意思你已经懂了,,"委婉, 含蓄, 周到",t050,
VB0287,Style OOD,colloquial,一句话能顶别人三句,,"话少分量重, 凝练, 有力",t048,
VB0288,Style OOD,colloquial,平时安安静静，开口就有人记着,,"话少分量重, 受重视, 含金量",t003,
VB0289,Style OOD,colloquial,说得少，可每个字都掂得起来,,"话少分量重, 厚重, 慎言",t028,
VB0290,Style OOD,colloquial,嗓音不响，但分量压得住,,"话少分量重, 沉, 权威感",t038,
VB0291,Style OOD,colloquial,不抢话，可你会专门等他那一句,,"话少分量重, 关键, 沉稳",t006,
VB0292,Style OOD,colloquial,像那种点到为止又让人想再听,,"话少分量重, 留白, 有韵味",t035,
VB0293,Style OOD,colloquial,话里带笑，一开口先暖三分,,"爱笑, 温暖, 亲和",t007,
VB0294,Style OOD,colloquial,嗓音轻快，自己说着自己先乐,,"爱笑, 活泼, 有感染力",t009,
VB0295,Style OOD,colloquial,笑意藏在每个尾音里,,"爱笑, 细腻, 阳光",t015,
VB0296,Style OOD,colloquial,话还没说完自己先笑出声,,"爱笑, 自然, 真实",t016,
VB0297,Style OOD,colloquial,说啥都带点轻轻的笑腔,,"爱笑, 温和, 轻松",t018,
VB0298,Style OOD,colloquial,嗓子里有股藏不住的开心,,"爱笑, 阳光, 真挚",t002,
VB0299,Style OOD,colloquial,出啥事都不慌，慢悠悠应一句,,"永远淡定, 从容, 慢节奏",t008,
VB0300,Style OOD,colloquial,嗓音平平的，可情绪一点不乱,,"永远淡定, 平稳, 稳重",t041,
VB0301,Style OOD,colloquial,像水面一样，什么都掀不起波,,"永远淡定, 平静, 内敛",t026,
VB0302,Style OOD,colloquial,不带起伏，就这么稳稳地说完,,"永远淡定, 平稳, 收敛",t024,
VB0303,Style OOD,colloquial,你急你的，他依然一个调,,"永远淡定, 冷静, 沉得住",t020,
VB0304,Style OOD,colloquial,嗓子里就没急过这事,,"永远淡定, 松弛, 稳",t012,
VB0305,Style OOD,colloquial,一开口就刹不住，话连成一串,,"话痨, 絮叨, 高密度",t005,
VB0306,Style OOD,colloquial,一件事能掰开揉碎讲半天,,"话痨, 细致, 啰嗦",t046,
VB0307,Style OOD,colloquial,嘴上像装了发条，停不下来,,"话痨, 活泼, 滔滔",t027,
VB0308,Style OOD,colloquial,说着说着自己又起了个新话题,,"话痨, 跳跃, 热络",t010,
VB0309,Style OOD,colloquial,哪怕没人接话，他也能继续,,"话痨, 自洽, 自顾自",t030,
VB0310,Style OOD,colloquial,你只问一句，能听她讲十句,,"话痨, 絮叨, 热情",t017,
VB0311,Style OOD,colloquial,节奏紧凑，一句压一句,,"节奏快, 利落, 高效",t032,
VB0312,Style OOD,colloquial,说话像在切菜，咔咔到位,,"节奏快, 干脆, 清楚",t022,
VB0313,Style OOD,colloquial,每句都不拖泥带水，干净,,"节奏快, 干净, 清晰",t013,
VB0314,Style OOD,colloquial,嗓子轻巧，话尾收得也利索,,"节奏快, 利落, 轻",t004,
VB0315,Style OOD,colloquial,你还没回过神，他下一句已经来了,,"节奏快, 思维快, 抢拍",t040,
VB0316,Style OOD,colloquial,话一出口就找到落点,,"节奏快, 准确, 利索",t039,
VB0317,Style OOD,colloquial,说话像散步，一步一句不赶,,"慢节奏, 从容, 温和",t011,
VB0318,Style OOD,colloquial,每个字都给足时间,,"慢节奏, 字斟句酌, 沉稳",t025,
VB0319,Style OOD,colloquial,嗓音慢慢的，听着人心也静下来,,"慢节奏, 安抚, 平稳",t036,
VB0320,Style OOD,colloquial,不催不赶，慢慢把意思摊开,,"慢节奏, 耐心, 细腻",t001,
VB0321,Style OOD,colloquial,节奏拖一点，可一点不啰嗦,,"慢节奏, 从容, 简净",t044,
VB0322,Style OOD,colloquial,慢得像怕惊到你,,"慢节奏, 温柔, 体贴",t019,
VB0323,Style OOD,colloquial,一开口就让人想多聊两句,,"亲近, 易亲近, 暖",t034,
VB0324,Style OOD,colloquial,嗓音里带点放心的味道,,"亲近, 放心, 真诚",t049,
VB0325,Style OOD,colloquial,不熟也不尴尬，几句就拉近了,,"亲近, 拉近, 真诚",t042,
VB0326,Style OOD,colloquial,像那种你愿意打电话求助的人,,"亲近, 可依靠, 暖",t031,
VB0327,Style OOD,colloquial,不端着，听着就像同辈在聊,,"亲近, 平等, 自然",t029,
VB0328,Style OOD,colloquial,一句话说出来就让人放下戒备,,"亲近, 卸力, 放心",t021,
VB0329,Style OOD,colloquial,嗓子里带刺，让人不太敢搭话,,"距离感, 防御, 锋利",t023,
VB0330,Style OOD,colloquial,话不冷，可句句都拉开距离,,"距离感, 礼貌, 疏",t043,
VB0331,Style OOD,colloquial,一听就是不让人轻易靠近的,,"距离感, 高冷, 边界感",t047,
VB0332,Style OOD,colloquial,客气得很，也疏远得很,,"距离感, 客气, 疏",t037,
VB0333,Style OOD,colloquial,不带温度，像隔着一层玻璃,,"距离感, 冷, 疏离",t033,
VB0334,Style OOD,colloquial,嗓子里有种别多问的劲,,"距离感, 边界感, 收",t045,
VB0335,Style OOD,metaphorical,像踩在新雪上发出的那种细碎咯吱,,"清冷, 轻盈, 颗粒感, 安静, 干净",t014,
VB0336,Style OOD,metaphorical,一种被雪夜冻住又慢慢解冻的语气,,"低温, 缓慢, 柔和, 沉静, 微涩",t050,
VB0337,Style OOD,metaphorical,有北方腊月窗花一样的凝滞质感,,"冷冽, 凝重, 缓慢, 厚实, 寂静",t048,
VB0338,Style OOD,metaphorical,那种雪后清晨第一脚踏出门的轻,,"清澈, 谨慎, 轻柔, 明亮, 干冷",t003,
VB0339,Style OOD,metaphorical,像围炉时呵出的白汽，散得很慢,,"温润, 缓慢, 朦胧, 亲近, 低声",t028,
VB0340,Style OOD,metaphorical,像盛夏柏油路上蒸起来的热气,,"闷热, 黏稠, 慵懒, 厚重, 朦胧",t038,
VB0341,Style OOD,metaphorical,暴雨砸在铁皮屋顶那种密集又畅快的劲,,"急促, 密集, 有力, 干脆, 喧闹",t006,
VB0342,Style OOD,metaphorical,一种盛夏午后蝉鸣压顶的钝感,,"闷沉, 持续, 钝重, 慵懒, 单调",t035,
VB0343,Style OOD,metaphorical,雷阵雨过后泥土翻上来的腥甜味,,"清新, 湿润, 厚实, 微甜, 松弛",t007,
VB0344,Style OOD,metaphorical,像晒得发烫的石阶被光脚踩上去,,"灼热, 短促, 刺激, 鲜明, 紧绷",t009,
VB0345,Style OOD,metaphorical,像秋天梧桐叶贴着地面打转,,"干燥, 漂泊, 轻脆, 萧索, 缓慢",t015,
VB0346,Style OOD,metaphorical,有早春溪水化冻时那种慢吞吞的舒展,,"渐进, 柔润, 清亮, 微凉, 松弛",t016,
VB0347,Style OOD,metaphorical,像深秋稻穗低头时的沉甸甸,,"厚实, 沉稳, 温暖, 收敛, 饱满",t018,
VB0348,Style OOD,metaphorical,春末傍晚最后一缕暖光的留恋,,"柔暖, 缠绵, 缓慢, 朦胧, 轻叹",t002,
VB0349,Style OOD,metaphorical,像一块刚出炉的栗子蛋糕，糖霜还没化,,"甜软, 温暖, 蓬松, 细腻, 亲切",t008,
VB0350,Style OOD,metaphorical,那种焦糖布丁底部微苦的回甘,,"微苦, 醇厚, 缓收, 圆润, 成熟",t041,
VB0351,Style OOD,metaphorical,有棉花糖被风吹散一半的轻甜,,"蓬松, 轻甜, 飘忽, 童趣, 柔软",t026,
VB0352,Style OOD,metaphorical,像麦芽糖拉到很长才断开的那一下,,"黏稠, 拉长, 甜厚, 黏滞, 柔韧",t024,
VB0353,Style OOD,metaphorical,蜂蜜浇在烤吐司上慢慢渗下去的感觉,,"浓郁, 缓慢, 暖甜, 厚润, 安抚",t020,
VB0354,Style OOD,metaphorical,像一盏放久了的小种红茶，温度刚好,,"温润, 醇厚, 微涩, 温吞, 内敛",t012,
VB0355,Style OOD,metaphorical,那种凤凰单丛第一道汤的清香味,,"清亮, 高扬, 微涩, 干净, 飘逸",t005,
VB0356,Style OOD,metaphorical,有冷泡乌龙咽下去后舌根的清凉,,"清冷, 后韵, 干净, 余甘, 平和",t046,
VB0357,Style OOD,metaphorical,像盖碗里翻滚的茶叶，慢慢沉底,,"起伏, 缓和, 沉稳, 朴实, 内敛",t027,
VB0358,Style OOD,metaphorical,抹茶搅到出沫时那种均匀的绿,,"均匀, 微涩, 细腻, 沉静, 草本",t010,
VB0359,Style OOD,metaphorical,像一杯没勾兑的米酒，浊但暖,,"浑厚, 温暖, 朴实, 黏润, 微醺",t030,
VB0360,Style OOD,metaphorical,那种威士忌冰球化掉一半时的语速,,"缓慢, 醇厚, 慵懒, 烟熏, 低沉",t017,
VB0361,Style OOD,metaphorical,像青梅酒泡过冬天，颜色琥珀,,"圆润, 微酸, 回甜, 内敛, 沉香",t032,
VB0362,Style OOD,metaphorical,有清酒倒进木升那种干脆又清的响,,"清亮, 干脆, 木质, 微凉, 简洁",t022,
VB0363,Style OOD,metaphorical,一种红酒醒开第三十分钟的舒展,,"舒展, 醇厚, 缓慢, 深沉, 圆润",t013,
VB0364,Style OOD,metaphorical,像太行山阴面那种灰岩的硬,,"硬朗, 冷峻, 厚重, 棱角, 沉稳",t004,
VB0365,Style OOD,metaphorical,有老柚木表面被摩挲了几十年的光,,"温润, 光滑, 老练, 沉稳, 内敛",t040,
VB0366,Style OOD,metaphorical,像山涧里被水冲圆的鹅卵石,,"圆润, 沉静, 朴实, 内敛, 平和",t039,
VB0367,Style OOD,metaphorical,那种檀木镇尺压在宣纸上的稳,,"沉稳, 厚重, 静默, 端正, 内敛",t011,
VB0368,Style OOD,metaphorical,像被风化了三百年的青石板,,"苍老, 粗粝, 沉静, 厚重, 缓慢",t025,
VB0369,Style OOD,metaphorical,像潮汐退到最低位时露出的礁石,,"裸露, 沉静, 苍劲, 留白, 沉缓",t036,
VB0370,Style OOD,metaphorical,那种山涧从悬崖摔下来的爽利,,"干脆, 明亮, 急促, 清越, 直接",t001,
VB0371,Style OOD,metaphorical,有深海洋流在远处推进来的厚,,"厚重, 缓慢, 深沉, 宽广, 暗涌",t044,
VB0372,Style OOD,metaphorical,像雨打在湖面荡开一圈圈的轻,,"轻盈, 涟漪, 柔和, 缓收, 清亮",t019,
VB0373,Style OOD,metaphorical,河口浅滩水流过沙的细沙沙声,,"细碎, 柔润, 持续, 沙质, 安静",t034,
VB0374,Style OOD,metaphorical,像清晨海边那种漫开的薄雾,,"朦胧, 漫散, 微凉, 安静, 留白",t049,
VB0375,Style OOD,metaphorical,那种高原稀薄空气里说话的轻,,"稀薄, 通透, 轻盈, 清冷, 干净",t042,
VB0376,Style OOD,metaphorical,有山谷起雾时把声音吃掉一半的闷,,"闷柔, 朦胧, 收敛, 低吟, 留白",t031,
VB0377,Style OOD,metaphorical,像穿过竹林那阵子带响的风,,"飒爽, 节律, 清润, 摇曳, 灵动",t029,
VB0378,Style OOD,metaphorical,那种黄昏河面上反着光的安,,"静谧, 反光, 柔暖, 留白, 沉缓",t021,
VB0379,Style OOD,metaphorical,像独立书店角落里翻书页的节奏,,"缓慢, 安静, 沉浸, 私密, 木质",t023,
VB0380,Style OOD,metaphorical,那种意式咖啡馆萃取时的低嗡,,"低频, 持续, 浓郁, 工业, 温热",t043,
VB0381,Style OOD,metaphorical,有手冲咖啡注水时画圈的稳,,"稳定, 圈匀, 专注, 温润, 节律",t047,
VB0382,Style OOD,metaphorical,像旧书店木地板被踩出来的吱呀,,"老旧, 木质, 节律, 怀旧, 私密",t037,
VB0383,Style OOD,metaphorical,那种连锁咖啡馆背景人声混着杯碟的低,,"嘈杂, 低伏, 蒸汽, 漫散, 暖意",t033,
VB0384,Style OOD,metaphorical,像石板路反潮的弄堂里晾着衣服,,"潮湿, 生活气, 缓慢, 朴实, 老城",t045,
VB0385,Style OOD,metaphorical,那种胡同口小卖部老人摇蒲扇的慢,,"慵懒, 缓慢, 朴实, 老态, 亲切",t014,
VB0386,Style OOD,metaphorical,有老城墙根晒太阳那种昏昏沉沉,,"慵懒, 暖钝, 缓慢, 苍老, 松散",t050,
VB0387,Style OOD,metaphorical,像青砖小院里午睡过后那一声咳嗽,,"钝重, 慵懒, 老态, 朴实, 醒钝",t048,
VB0388,Style OOD,metaphorical,城南旧菜场散场后空荡的回声,,"空旷, 残响, 萧索, 余韵, 缓慢",t003,
VB0389,Style OOD,metaphorical,像凌晨四点候车厅塑料椅的反光,,"冷清, 残光, 疲惫, 留白, 沉静",t028,
VB0390,Style OOD,metaphorical,那种登机口广播刚结束的两秒静,,"留白, 短促, 紧绷, 清醒, 期待",t038,
VB0391,Style OOD,metaphorical,有绿皮火车进站时铁轨的咔哒咔哒,,"节律, 沉重, 节奏, 老旧, 行进",t006,
VB0392,Style OOD,metaphorical,像夜班长途巴士窗外掠过的路灯,,"闪烁, 漂浮, 疲惫, 漫长, 朦胧",t035,
VB0393,Style OOD,metaphorical,国际航站楼凌晨人潮稀疏的空,,"空旷, 冷光, 疲惫, 留白, 漂泊",t007,
VB0394,Style OOD,metaphorical,像六点的天还没完全亮开的灰蓝,,"清冷, 渐亮, 留白, 安静, 温和",t009,
VB0395,Style OOD,metaphorical,那种清早小区里第一辆电瓶车的滑,,"短促, 干净, 滑过, 清亮, 生活感",t015,
VB0396,Style OOD,metaphorical,有露水还挂在草尖时打招呼的轻,,"清润, 轻柔, 微凉, 透亮, 谨慎",t016,
VB0397,Style OOD,metaphorical,像第一缕阳光斜进窗台的金,,"暖金, 渐进, 柔光, 缓和, 温暖",t018,
VB0398,Style OOD,metaphorical,早班公交起步时车厢里那种昏沉的醒,,"慵懒, 钝醒, 缓慢, 厚重, 暖闷",t002,
VB0399,Style OOD,metaphorical,像零点钟声敲完后那一格的寂,,"寂静, 留白, 沉重, 余响, 凝结",t008,
VB0400,Style OOD,metaphorical,那种夜里两点路灯漏下来的暖橙,,"暖橙, 漫散, 寂寥, 缓慢, 私密",t041,
VB0401,Style OOD,metaphorical,有窗外远处货车驶过的低嗡,,"低频, 远漫, 安神, 持续, 沉沉",t026,
VB0402,Style OOD,metaphorical,像凌晨写字楼里复印机自醒的声,,"机械, 冷光, 间歇, 孤寂, 钝响",t024,
VB0403,Style OOD,metaphorical,失眠时盯着天花板那种细密的清醒,,"清醒, 细密, 紧绷, 漂浮, 安静",t020,
VB0404,Style OOD,metaphorical,像三点钟的茶几上没人动过的果盘,,"闲置, 温吞, 留白, 慵懒, 缓慢",t012,
VB0405,Style OOD,metaphorical,那种五点半天边一道橘色把云染开,,"橘暖, 渐染, 缓慢, 温和, 留恋",t005,
VB0406,Style OOD,metaphorical,有夏天黄昏窗帘被风顶起一角的轻,,"轻扬, 暖风, 缓拂, 温柔, 漫散",t046,
VB0407,Style OOD,metaphorical,像下午茶过后犯的那一阵小困,,"慵懒, 钝软, 缓慢, 温甜, 松散",t027,
VB0408,Style OOD,metaphorical,那种向晚天光把屋里物件镀上薄金,,"薄金, 柔光, 缓沉, 温暖, 怀旧",t010,
VB0409,Style OOD,metaphorical,像真丝衬里贴着皮肤滑过的凉,,"顺滑, 凉润, 轻贴, 细腻, 高级",t030,
VB0410,Style OOD,metaphorical,那种羊毛针织衫被反复穿到柔软,,"温软, 蓬松, 亲肤, 温暖, 老朋友感",t017,
VB0411,Style OOD,metaphorical,有羊绒围巾在脖子上微微发暖的密,,"致密, 温暖, 亲贴, 柔软, 安心",t032,
VB0412,Style OOD,metaphorical,像粗麻亚麻布晾干后那种挺括,,"挺括, 干净, 粗粝, 自然, 透气",t022,
VB0413,Style OOD,metaphorical,那种灯芯绒外套袖口磨出来的旧软,,"旧软, 磨损, 温温, 怀旧, 厚朴",t013,
VB0414,Style OOD,metaphorical,像砂纸顺着木纹磨过去那种均匀的钝,,"粗粝, 均匀, 钝磨, 干燥, 节律",t004,
VB0415,Style OOD,metaphorical,那种老榆木桌面坑洼里积下来的茶痕,,"老旧, 木质, 沉积, 朴拙, 缓慢",t040,
VB0416,Style OOD,metaphorical,有未上釉的陶土被指腹蹭过的涩,,"微涩, 干燥, 原朴, 颗粒, 沉静",t039,
VB0417,Style OOD,metaphorical,像水泥墙面被阳光烤了一下午的干,,"干燥, 灼热, 粗粝, 钝感, 沉闷",t011,
VB0418,Style OOD,scenario,连开四个会议中间挤出五分钟回消息,,"疲惫,语速偏快,气息短,压抑烦躁",t025,
VB0419,Style OOD,scenario,第五个会议开场还要装作精神饱满,,"强撑,声调上扬,气息浅,克制疲态",t036,
VB0420,Style OOD,scenario,上一个会刚结束就被拉进下一个,,"仓促,语速急,断句碎,无暇润色",t001,
VB0421,Style OOD,scenario,一整天会议后跟实习生交代收尾事项,,"嗓音沙哑,语速缓,气息长,耐心见底",t044,
VB0422,Style OOD,scenario,连轴会议间隙抓紧吃口饭还要回话,,"含糊,语速跳跃,断续,边吃边说",t019,
VB0423,Style OOD,scenario,距离提交还剩两小时跟同事对接接口,,"紧迫,语速极快,气息浅,聚焦",t034,
VB0424,Style OOD,scenario,deadline 前夜改第七版方案的间隙,,"烦躁,语调低沉,气息短促,克制爆发",t049,
VB0425,Style OOD,scenario,最后半小时还在调试就要交付,,"焦灼,语速急,断句碎,带颤",t042,
VB0426,Style OOD,scenario,赶稿到天亮跟责编报进度,,"倦怠,声音哑,语速慢,气息绵长",t031,
VB0427,Style OOD,scenario,离截稿一小时打电话求助同事,,"央求语气,语速快,气息抖,带歉意",t029,
VB0428,Style OOD,scenario,收到通知后还要给团队布置交接,,"强压情绪,语速平稳,气息克制,声音偏低",t021,
VB0429,Style OOD,scenario,整理工位时被同事问起还要回应,,"淡然伪装,语速慢,气息浅,带哽咽",t023,
VB0430,Style OOD,scenario,那一天最后一次走出大楼对镜头说话,,"复杂情绪,语速缓,气息深,克制不舍",t043,
VB0431,Style OOD,scenario,拿着纸箱跟前台打招呼,,"表面平静,声调低,气息短,假装轻松",t047,
VB0432,Style OOD,scenario,当天傍晚给家人打电话报平安,,"故作镇定,语速适中,气息颤,藏失落",t037,
VB0433,Style OOD,scenario,入职第一天向新同事自我介绍,,"拘谨,语速偏快,声调上扬,礼貌克制",t033,
VB0434,Style OOD,scenario,第一次跟新领导汇报工作进度,,"谨慎,语速稳,气息短,带紧张",t045,
VB0435,Style OOD,scenario,午饭时间被拉进新部门群打招呼,,"略尴尬,声调高,语速跳,微笑感",t014,
VB0436,Style OOD,scenario,报到当天填表时跟 HR 闲聊,,"客气,语速慢,气息平,礼节性",t050,
VB0437,Style OOD,scenario,第一天下班路上跟朋友讲新公司,,"兴奋夹疲惫,语速忽快忽慢,气息起伏",t048,
VB0438,Style OOD,scenario,给下属交代一个棘手的客户对接,,"凝重,语速慢,断句清晰,带提醒",t003,
VB0439,Style OOD,scenario,周一早会上分配本周任务,,"干练,语速稳,声音洪亮,条理感",t028,
VB0440,Style OOD,scenario,临时找下属接手别人请假的活,,"客气夹歉意,语速适中,气息浅",t038,
VB0441,Style OOD,scenario,拍着肩膀让新人去试一个机会,,"鼓励,语速缓,气息深,带笑意",t006,
VB0442,Style OOD,scenario,下班前最后五分钟交代加班事项,,"仓促,语速快,气息短,带歉意",t035,
VB0443,Style OOD,scenario,凌晨三点客服班接进第一通投诉,,"疲惫强撑,声调机械,气息长,克制",t007,
VB0444,Style OOD,scenario,早班客服接通第八十个咨询电话,,"程式化,语速均匀,声音偏平,克制烦躁",t009,
VB0445,Style OOD,scenario,中班交接前最后一通安抚电话,,"耐心耗尽,语速放缓,气息控制,温度尚存",t015,
VB0446,Style OOD,scenario,晚班开局碰上系统故障还要解释,,"紧绷,语速快,断句利落,克制无奈",t016,
VB0447,Style OOD,scenario,三班连轴第二个夜班的开场问候,,"嗓子哑,语速慢,气息浅,声调低落",t018,
VB0448,Style OOD,scenario,前台凌晨值班登记一位深夜来访者,,"警觉中带克制,语速轻,气息浅,声音压低",t002,
VB0449,Style OOD,scenario,夜里两点接到值班电话报修,,"半梦半醒,声音低沉,语速慢,气息钝",t008,
VB0450,Style OOD,scenario,整夜无人之后第一次开口接早班同事,,"沙哑,语速缓,气息长,带困倦",t041,
VB0451,Style OOD,scenario,大堂只剩自己一人时跟保安搭话,,"压低声音,语速慢,气息浅,带寂寞",t026,
VB0452,Style OOD,scenario,凌晨五点交班前最后一次巡视回报,,"倦怠,语调平,气息匀,克制松懈",t024,
VB0453,Style OOD,scenario,雨夜骑车配送中接到顾客来电,,"喘息,语速急,声音被风干扰,语气抱歉",t020,
VB0454,Style OOD,scenario,爬到六楼按门铃前的喘气说话,,"气短,断句多停顿,语速慢,带礼貌",t012,
VB0455,Style OOD,scenario,卡在红灯前跟顾客解释晚到,,"急促,语速快,气息浅,带歉意",t005,
VB0456,Style OOD,scenario,进电梯前最后一次确认地址,,"简短,语速利落,气息短,职业感",t046,
VB0457,Style OOD,scenario,配送途中边骑边回客服催单,,"喘,声音断,语速跳,带烦躁压制",t027,
VB0458,Style OOD,scenario,教师生涯第一节课前的开场白,,"紧张,声调略高,语速偏快,气息浅",t010,
VB0459,Style OOD,scenario,走上讲台前的最后一次清嗓,,"谨慎,语速慢,气息深,带颤",t030,
VB0460,Style OOD,scenario,念到第一个学生名字时的点名,,"拘谨,声音略抖,语速慢,克制激动",t017,
VB0461,Style OOD,scenario,第一次在四十双眼睛前讲解概念,,"努力沉稳,语速适中,气息控制,带不安",t032,
VB0462,Style OOD,scenario,下课铃响前最后一次布置作业,,"松一口气,语速放缓,气息平,带温度",t022,
VB0463,Style OOD,scenario,放学后办公室只剩一个学生留下问问题,,"温和,语速慢,气息长,耐心",t013,
VB0464,Style OOD,scenario,加班批作业时被路过同事撞见对话,,"低声,语速慢,气息浅,疲惫",t004,
VB0465,Style OOD,scenario,关灯前最后一次跟值日生交代,,"简短,语速稳,气息短,亲切",t040,
VB0466,Style OOD,scenario,空荡走廊里跟保洁阿姨道晚安,,"轻声,语速慢,气息浅,带疲惫感",t039,
VB0467,Style OOD,scenario,抢救室门口跟家属交代下一步,,"冷静,声调低,语速稳,气息控制",t011,
VB0468,Style OOD,scenario,班次结束前最后一个病人沟通,,"耐心见底但克制,语速慢,语调温",t025,
VB0469,Style OOD,scenario,病房里轻声跟老人说该吃药了,,"极轻,语速慢,气息浅,温柔克制",t036,
VB0470,Style OOD,scenario,守夜中老人睡着后跟值班护士低语,,"压低声音,语速慢,气息长,带担忧",t001,
VB0471,Style OOD,scenario,凌晨两点听到呼吸不稳轻声唤醒,,"紧张克制,声音轻,语速慢,气息颤",t044,
VB0472,Style OOD,scenario,病床边接到亲戚来电报情况,,"沙哑,语速慢,气息深,克制悲伤",t019,
VB0473,Style OOD,scenario,天亮前跟交接的家属说昨夜情况,,"疲惫平静,语速缓,语调低,温和",t034,
VB0474,Style OOD,scenario,哄睡途中起身关灯的小声叮嘱,,"气音,语速慢,断句轻,带哄意",t049,
VB0475,Style OOD,scenario,隔着房门跟保姆交代不要进去,,"压声,语速急,气息短,带紧张",t042,
VB0476,Style OOD,scenario,睡前最后一遍数羊后翻身那刻说话,,"困意浓,声音绵软,语速极慢,气息钝",t031,
VB0477,Style OOD,scenario,关上卧室门后给好友打电话倾诉,,"哽咽压抑,语速忽快忽慢,气息抖",t029,
VB0478,Style OOD,scenario,出门散步路上跟同事讲了点别的,,"强作平静,语速适中,气息浅,带疏离",t021,
VB0479,Style OOD,scenario,阳台上抽完一根烟回屋说话,,"平复后,语速缓,气息深,声调低",t023,
VB0480,Style OOD,scenario,沉默一晚后第二天早上的第一句话,,"干涩,语速慢,声音哑,克制和解",t043,
VB0481,Style OOD,scenario,升职那晚视频跟爸妈分享好消息,,"喜悦,语速快,声调上扬,气息轻",t047,
VB0482,Style OOD,scenario,在出租屋里跟爸妈说一切都好,,"强笑,语速适中,气息浅,克制思念",t037,
VB0483,Style OOD,scenario,视频里第一次给父母看新家,,"兴奋微哽咽,语速跳,气息起伏",t033,
VB0484,Style OOD,scenario,跟父母解释这次过年不回家,,"愧疚,语速慢,气息短,带哽",t045,
VB0485,Style OOD,scenario,月台广播响起前的快步打电话,,"喘,语速急,气息短,断句碎",t014,
VB0486,Style OOD,scenario,距离发车两分钟跟司机确认,,"仓促,语速快,声调高,气息浅",t050,
VB0487,Style OOD,scenario,挤上末班车后才敢回消息,,"松气,语速放缓,气息深,声音低",t048,
VB0488,Style OOD,scenario,跑过天桥时跟接站人保持通话,,"大喘气,断句明显,语速快,声音抖",t003,
VB0489,Style OOD,scenario,抓到车门那一刻的回话,,"短促,语速极快,气息断,带笑",t028,
VB0490,Style OOD,scenario,堵在高架上跟约好的朋友打招呼,,"无奈,语速慢,气息长,带歉意",t038,
VB0491,Style OOD,scenario,车流不动时打开免提汇报进度,,"烦躁压制,语速稳,声调平,叹气",t006,
VB0492,Style OOD,scenario,排队两小时还没动跟乘客闲聊,,"倦懒,语速慢,气息绵,带打趣",t035,
VB0493,Style OOD,scenario,改道又遇红灯跟导航顶嘴,,"自嘲,语速快,声调起伏,带笑",t007,
VB0494,Style OOD,scenario,在陌生街区第三次确认地址,,"困惑,语速慢,断句多,气息浅",t009,
VB0495,Style OOD,scenario,走错两个路口后跟朋友求救,,"着急,语速急,气息短,带不好意思",t015,
VB0496,Style OOD,scenario,路边问大爷怎么走总站,,"客气,语速适中,声调上扬,礼貌",t016,
VB0497,Style OOD,scenario,手机导航没信号时跟同伴商量,,"紧张克制,语速慢,气息短,带焦虑",t018,
VB0498,Style OOD,scenario,终于看到地铁口那一刻的呼喊,,"释然,语速快,声调高,带笑意",t002,
VB0499,Style OOD,scenario,分手当晚饭局上还要正常聊天,,"强笑,语速平,气息浅,藏哽咽",t008,
VB0500,Style OOD,scenario,朋友追问感情近况时的搪塞,,"含糊,语速慢,声调低,克制颤抖",t041,
VB0501,Lexical OOD,synonym,嗓子拉毛，话头有点哑,,"音色沙哑,毛糙,略哑,中频偏暗,带颗粒",t026,
VB0502,Lexical OOD,synonym,声线带沟壑，磨得不光,,"音色粗粝,沟壑感,磨砂质地,胸腔略闷",t024,
VB0503,Lexical OOD,synonym,调子糙了一层，像隔着砂,,"音色糙,磨砂,隔层感,中低位,稳",t020,
VB0504,Lexical OOD,synonym,嗓音做旧，咬字带砂,,"音色做旧,沙化,咬字带磨,情绪克制",t012,
VB0505,Lexical OOD,synonym,嗓子起毛刺，听着有岁数,,"音色毛刺,沧桑,沙化,中低音域,缓",t005,
VB0506,Lexical OOD,synonym,声音裂着边，话尾压低,,"音色边缘破裂,沙哑,尾音下压,胸声",t046,
VB0507,Lexical OOD,synonym,嗓音透亮，像玻璃弹一下,,"音色明亮,清透,共鸣前位,音高偏高",t027,
VB0508,Lexical OOD,synonym,声线挂在脸前面，亮堂,,"高位明亮,口腔前置,通透,咬字利",t010,
VB0509,Lexical OOD,synonym,调子干净不发糊，亮得很,,"清亮,无浑浊,明朗,中高音域",t030,
VB0510,Lexical OOD,synonym,嗓子开得开，话出来透,,"开阔,通透,气流顺,音色亮",t017,
VB0511,Lexical OOD,synonym,声音利索发亮，像水洗过,,"利落,明亮,清洗感,咬字清",t032,
VB0512,Lexical OOD,synonym,嗓子敞亮，字字带光,,"敞亮,明亮,字音清透,情绪饱满",t022,
VB0513,Lexical OOD,synonym,声线闷一层，像捂着说,,"音色闷,沉,包裹感,中低音域",t013,
VB0514,Lexical OOD,synonym,嗓音压在胸口，沉甸甸,,"胸腔重,低沉,厚重,缓",t004,
VB0515,Lexical OOD,synonym,调子厚得发蒙，话不脆,,"厚实,蒙,咬字钝,低频强",t040,
VB0516,Lexical OOD,synonym,声音裹了一层棉，闷而稳,,"包裹感,闷,稳,低位胸声",t039,
VB0517,Lexical OOD,synonym,嗓子像隔了门，沉而钝,,"隔层感,沉,钝,中低频",t011,
VB0518,Lexical OOD,synonym,声线压得低，闷里带厚,,"压低,闷厚,胸腔共鸣,缓速",t025,
VB0519,Lexical OOD,synonym,嗓音糯，像含着颗糖,,"糯感,润,含腔感,中音区,柔",t036,
VB0520,Lexical OOD,synonym,声线软乎乎，话出来黏,,"柔软,黏,湿润,情绪温和",t001,
VB0521,Lexical OOD,synonym,调子带点甜，润得化开,,"甜润,化开感,通透中带柔,中高",t044,
VB0522,Lexical OOD,synonym,嗓子湿润，字尾化得软,,"湿润,字尾化软,温柔,黏连",t019,
VB0523,Lexical OOD,synonym,声音又糯又粘，听着舒服,,"糯粘,舒展,柔润,缓",t034,
VB0524,Lexical OOD,synonym,嗓音化开，像奶里裹了字,,"化开,奶感,圆润,中低位柔",t049,
VB0525,Lexical OOD,synonym,嗓子干脆，字音弹出来,,"干脆,弹性强,咬字利,节奏紧",t042,
VB0526,Lexical OOD,synonym,声线脆生生，落字带响,,"脆响,落字利,清亮,中高",t031,
VB0527,Lexical OOD,synonym,调子利落，话不拖,,"利落,无拖音,清晰,节奏快",t029,
VB0528,Lexical OOD,synonym,嗓音掷地有声，字字爽利,,"掷地,爽利,有力,咬字清",t021,
VB0529,Lexical OOD,synonym,声音脆得像折一根筷子,,"脆,断裂感,干净,节奏明",t023,
VB0530,Lexical OOD,synonym,嗓子干净利索，话出口就停,,"干净,利索,收得稳,节奏紧",t043,
VB0531,Lexical OOD,synonym,声音从胸腔往外推，沉,,"胸腔共鸣强,沉,推送感,低频厚",t047,
VB0532,Lexical OOD,synonym,调子带胸腔，话有体积,,"胸共鸣,体积感,厚实,中低",t037,
VB0533,Lexical OOD,synonym,嗓音落在胸口，闷里有劲,,"落胸,闷劲,胸声主导,稳",t033,
VB0534,Lexical OOD,synonym,声线托着胸腔，厚重往下沉,,"胸腔托,厚重,下沉,缓",t045,
VB0535,Lexical OOD,synonym,嗓子从腔体里出来，鼓,,"腔体共鸣,鼓胀,饱满,低音区",t014,
VB0536,Lexical OOD,synonym,声音胸口起的，有股钝劲,,"胸起音,钝劲,稳重,低位",t050,
VB0537,Lexical OOD,synonym,声线挂在前面，咬字靠唇,,"口腔前置,唇齿明显,清亮,咬字利",t048,
VB0538,Lexical OOD,synonym,嗓子开在嘴前头，字脆,,"前位,字脆,清晰,中高位",t003,
VB0539,Lexical OOD,synonym,调子往前送，话顶着齿,,"前送,齿音明显,亮,咬字硬",t028,
VB0540,Lexical OOD,synonym,声音像贴着嘴唇飞出去,,"贴唇,飞扬,前位,音色亮",t038,
VB0541,Lexical OOD,synonym,嗓音落点偏前，字字带尖,,"前落点,字尖,清亮,中高",t006,
VB0542,Lexical OOD,synonym,声线靠嘴使劲，咬字干,,"嘴使劲,咬字干净,前位,利",t035,
VB0543,Lexical OOD,synonym,鼻音重一点，话发蒙,,"鼻腔共鸣强,蒙,中音偏闷,慵懒",t007,
VB0544,Lexical OOD,synonym,声线带鼻腔，含糊好听,,"鼻共鸣,含糊,柔,中音",t009,
VB0545,Lexical OOD,synonym,嗓音绕到鼻子里，闷糯,,"鼻绕,闷糯,柔润,中低",t015,
VB0546,Lexical OOD,synonym,调子鼻音浓，咬字带哼,,"鼻音浓,哼鸣,柔,慢",t016,
VB0547,Lexical OOD,synonym,嗓子鼻里出，沉而黏,,"鼻出音,黏沉,中低,缓",t018,
VB0548,Lexical OOD,synonym,声音带哼劲，像没完全张嘴,,"哼劲,半张嘴,鼻共鸣,慵",t002,
VB0549,Lexical OOD,synonym,嗓音往头顶走，亮而细,,"头腔共鸣,高位,细亮,音高高",t008,
VB0550,Lexical OOD,synonym,调子上头，声音飘起来,,"上头共鸣,飘,高位,轻",t041,
VB0551,Lexical OOD,synonym,声线挂头顶，发尖发飘,,"头挂,尖飘,高音区,细",t026,
VB0552,Lexical OOD,synonym,嗓子拔上去，字字带光,,"拔高,字光,头腔,亮",t024,
VB0553,Lexical OOD,synonym,声音轻飘飘从额头出,,"额头出音,轻飘,高位,细",t020,
VB0554,Lexical OOD,synonym,嗓音走高，头里嗡了一下,,"走高,头嗡,高位共鸣,亮",t012,
VB0555,Lexical OOD,synonym,气口足，一口气推到字尾,,"气长,推送,字尾稳,稳速",t005,
VB0556,Lexical OOD,synonym,嗓音底气厚，话不断,,"底气厚,不断,绵长,稳",t046,
VB0557,Lexical OOD,synonym,调子托得住，气接得上,,"气托,接续好,稳,缓",t027,
VB0558,Lexical OOD,synonym,声线下面有气垫，话稳,,"气垫支撑,稳,绵延,中速",t010,
VB0559,Lexical OOD,synonym,嗓子气长，能拉一整句,,"气拉长,整句稳,绵长,均速",t030,
VB0560,Lexical OOD,synonym,气搭得满，每个字都顶上去,,"气搭满,顶字,饱满,稳",t017,
VB0561,Lexical OOD,synonym,嗓子气短，话像被切断,,"气短,切断感,促,节奏碎",t032,
VB0562,Lexical OOD,synonym,声线气搭不住，断断续续,,"气搭不住,断续,急,不稳",t022,
VB0563,Lexical OOD,synonym,调子赶，喘着说话,,"赶,带喘,急促,节奏紧",t013,
VB0564,Lexical OOD,synonym,嗓音换气频，话出得急,,"频换气,急出,促,短句",t004,
VB0565,Lexical OOD,synonym,声音急促，气垫塌着,,"急促,气支撑弱,促,碎",t040,
VB0566,Lexical OOD,synonym,嗓子追着话跑，气跟不上,,"气追不上,促,赶,断",t039,
VB0567,Lexical OOD,synonym,声线虚一层，像没用劲,,"虚气,弱声,气混声,柔",t011,
VB0568,Lexical OOD,synonym,嗓音放空，气多声少,,"气多声少,放空,柔,中低",t025,
VB0569,Lexical OOD,synonym,调子带气音，话发飘,,"气音,飘,虚,轻柔",t036,
VB0570,Lexical OOD,synonym,嗓子悬着，话像耳语,,"悬声,耳语感,虚,近距",t001,
VB0571,Lexical OOD,synonym,声音半带气，软塌塌,,"半气声,软塌,柔,松",t044,
VB0572,Lexical OOD,synonym,嗓音透气，字字发虚,,"透气,字虚,气混声,柔",t019,
VB0573,Lexical OOD,synonym,嗓子字正腔圆，落得稳,,"字正腔圆,稳,清晰,功底感",t034,
VB0574,Lexical OOD,synonym,声线字字咬死，干净,,"咬字到位,干净,稳,严",t049,
VB0575,Lexical OOD,synonym,调子吐字利索，字头有劲,,"吐字利,字头劲,清晰,中速",t042,
VB0576,Lexical OOD,synonym,嗓音规整，每个字都站住,,"规整,字立,稳,清亮",t031,
VB0577,Lexical OOD,synonym,声音咬合紧，字音不糊,,"咬合紧,不糊,清晰,稳",t029,
VB0578,Lexical OOD,synonym,嗓子吐字清亮，腔体正,,"清亮吐字,腔正,通透,稳",t021,
VB0579,Lexical OOD,synonym,嗓音含糊，字音黏一块,,"含糊,黏字,模糊,慵懒",t023,
VB0580,Lexical OOD,synonym,声线懒着说，话不张口,,"懒说,不张口,模糊,松",t043,
VB0581,Lexical OOD,synonym,调子吞字，话尾化没了,,"吞字,尾音化无,模糊,缓",t047,
VB0582,Lexical OOD,synonym,嗓子糊一片，字字粘连,,"糊,粘连,不清晰,松",t037,
VB0583,Lexical OOD,synonym,声音咬字松，字尾掉,,"咬字松,字尾掉,模糊,慢",t033,
VB0584,Lexical OOD,synonym,嗓音化掉一半，听不真切,,"半化,不真切,含糊,柔",t045,
VB0585,Lexical OOD,slang,这嗓子治愈感拉满，像被毛绒绒抱住,,"治愈,柔软,温暖,中等音色",t014,
VB0586,Lexical OOD,slang,听一句血槽直接回满那种声线,,"治愈,舒缓,清亮",t050,
VB0587,Lexical OOD,slang,软糯到能当电子布洛芬,,"治愈,软糯,女声,温柔",t048,
VB0588,Lexical OOD,slang,一开口我整个人都疗愈了,,"治愈,柔和,放松",t003,
VB0589,Lexical OOD,slang,嗓音温吞吞的，emo 时听刚好,,"治愈,低音,平缓,慢速",t028,
VB0590,Lexical OOD,slang,这种声音听完想给自己续一杯热水,,"治愈,温暖,中性",t038,
VB0591,Lexical OOD,slang,真的上头！循环播放停不下来,,"上头,有感染力,节奏明快",t006,
VB0592,Lexical OOD,slang,一开口就炸街，但又不油腻,,"炸街,有力,男声,清爽",t035,
VB0593,Lexical OOD,slang,这声线绝绝子，越听越上瘾,,"上头,辨识度高,清亮",t007,
VB0594,Lexical OOD,slang,好听到我想 mark 一下,,"上头,悦耳,中性",t009,
VB0595,Lexical OOD,slang,这种嗓音直接给我封神,,"上头,辨识度,稳",t015,
VB0596,Lexical OOD,slang,上头预警，听完一晚没睡,,"上头,有磁性,深夜电台感",t016,
VB0597,Lexical OOD,slang,emo 的夜里就需要这种声音,,"emo,低沉,慢速,孤独感",t018,
VB0598,Lexical OOD,slang,一开口我直接破防了,,"情绪饱满,带哭腔,真挚",t002,
VB0599,Lexical OOD,slang,听完整个人麻了，泪目,,"情绪,共情,女声,哽咽",t008,
VB0600,Lexical OOD,slang,这嗓音红温了，太走心,,"情绪激动,微抖,真情",t041,
VB0601,Lexical OOD,slang,emo 时陪聊那挂的电台音,,"低音,温柔,慢,放松",t026,
VB0602,Lexical OOD,slang,听着听着我焯了，泪崩,,"情绪,催泪,中音,真挚",t024,
VB0603,Lexical OOD,slang,糙汉子开口带反差萌,,"反差萌,粗哑男声,憨",t020,
VB0604,Lexical OOD,slang,看着凶其实嗓音可奶了,,"反差萌,软糯男声",t012,
VB0605,Lexical OOD,slang,这反差萌直接拿捏我,,"反差萌,中性偏软",t005,
VB0606,Lexical OOD,slang,看不出这哥们声音这么治愈,,"反差,温柔男声",t046,
VB0607,Lexical OOD,slang,标准的纸片人男主声线,,"二次元,清澈,少年感,男声",t027,
VB0608,Lexical OOD,slang,一耳朵 CV 的味儿，太懂了,,"二次元,演技,情绪饱满",t010,
VB0609,Lexical OOD,slang,声控狂喜的那种少年音,,"二次元,清亮,少年感",t030,
VB0610,Lexical OOD,slang,像番剧里那个温柔学长,,"二次元,温润,男声",t017,
VB0611,Lexical OOD,slang,CV 既视感，自带剧情张力,,"二次元,表演感,情绪",t032,
VB0612,Lexical OOD,slang,这嗓子苏到我了，骨头都酥了,,"苏,磁性,低音,男声",t022,
VB0613,Lexical OOD,slang,雌雄莫辨那种空灵感,,"中性嗓,空灵,辨识度高",t013,
VB0614,Lexical OOD,slang,嗓音 hin 软糯，听着血槽回满,,"治愈,软糯,女声",t004,
VB0615,Lexical OOD,slang,这声音真的上头，反复听不腻,,"上头,辨识度,悦耳",t040,
VB0616,Lexical OOD,slang,说话自带 bgm 的感觉,,"节奏感,韵律,有氛围",t039,
VB0617,Lexical OOD,slang,嗓子 yyds，治愈系拉满,,"治愈,清亮,女声",t011,
VB0618,Lexical OOD,slang,emo 时陪你聊天的电台 dj 那挂,,"低音,温柔,慢速,深夜感",t025,
VB0619,Lexical OOD,slang,"偏""纸片人男主""那种声线",,"二次元,清澈,少年感,男声",t036,
VB0620,Lexical OOD,slang,这嗓子有点炸街，但不油,,"有力,清爽,男声",t001,
VB0621,Lexical OOD,slang,一开口糙汉子但带反差萌,,"反差萌,粗哑,憨气",t044,
VB0622,Lexical OOD,slang,"""我哭死""系女主的脆弱感",,"情绪,带哭腔,女声,脆弱",t019,
VB0623,Lexical OOD,slang,家人们，这嗓子真的不亏,,"直播口播,亲切,中音",t034,
VB0624,Lexical OOD,slang,铁子这声音太顶了,,"直播,豪爽,男声",t049,
VB0625,Lexical OOD,slang,宝子们听听，巨好听,,"直播,亲切,女声,软",t042,
VB0626,Lexical OOD,slang,老铁们冲就完了，超耐听,,"直播,热情,中音",t031,
VB0627,Lexical OOD,slang,家人们码住，这声线绝了,,"直播,推荐感,清亮",t029,
VB0628,Lexical OOD,slang,宝宝们这嗓音真的爱了,,"直播,甜,女声",t021,
VB0629,Lexical OOD,slang,OP 感拉满，一开口我直接起立,,"高燃,有张力,男声",t023,
VB0630,Lexical OOD,slang,这哭戏台词功底封神,,"情绪,演技,真挚,带哭腔",t043,
VB0631,Lexical OOD,slang,演技在线，台词功底稳,,"表演感,中音,沉稳",t047,
VB0632,Lexical OOD,slang,"这弹幕都在刷""awsl""，太苏",,"苏,磁性,男声",t037,
VB0633,Lexical OOD,slang,"弹幕齐刷""封神""的那种声线",,"辨识度,稳,有张力",t033,
VB0634,Lexical OOD,slang,"听完只想刷一句""yyds""",,"悦耳,辨识度,中性",t045,
VB0635,Lexical OOD,slang,戏精本精，台词张力满分,,"戏剧化,情绪,男声",t014,
VB0636,Lexical OOD,slang,像在念小作文，但还挺好听,,"文艺,慢速,女声,温柔",t050,
VB0637,Lexical OOD,slang,综艺感拉满，自带节目效果,,"活泼,热情,有节奏",t048,
VB0638,Lexical OOD,slang,剧本感太强了，但不出戏,,"表演感,情绪,沉稳",t003,
VB0639,Lexical OOD,slang,嗓音脆甜脆甜的,,"清亮,甜,女声",t028,
VB0640,Lexical OOD,slang,自带电流感的低音炮,,"磁性,低音,男声",t038,
VB0641,Lexical OOD,slang,整个声线酥酥的，电到我,,"苏,气声,女声",t006,
VB0642,Lexical OOD,slang,光感很亮的那种嗓子,,"清亮,明亮,高音",t035,
VB0643,Lexical OOD,slang,听着像一杯冰美式，清醒,,"清冷,中性,平缓",t007,
VB0644,Lexical OOD,slang,老温柔一挂的声音,,"温柔,慢速,男声",t009,
VB0645,Lexical OOD,slang,嗓子超干净，没杂质,,"干净,清亮,无气声",t015,
VB0646,Lexical OOD,slang,巨稳一嗓子，气息特别足,,"沉稳,气息饱满,中音",t016,
VB0647,Lexical OOD,slang,特磁性那种成熟男声,,"磁性,成熟,低音",t018,
VB0648,Lexical OOD,slang,听完我麻了，太顶,,"高燃,有力,中音",t002,
VB0649,Lexical OOD,slang,红温了，情绪直接顶上来,,"情绪激动,微抖,真挚",t008,
VB0650,Lexical OOD,slang,一开口我直接破大防,,"催泪,真挚,带哭腔",t041,
VB0651,Lexical OOD,slang,无语住了，怎么这么好听,,"悦耳,辨识度,中性",t026,
VB0652,Lexical OOD,slang,听完整个人佛了，太治愈,,"治愈,平缓,温和",t024,
VB0653,Lexical OOD,slang,听到这种声音直接上瘾,,"上头,辨识度,中音",t020,
VB0654,Lexical OOD,slang,妥妥的女主自带光环,,"清亮,女声,亮",t012,
VB0655,Lexical OOD,slang,反派 boss 一开口的那种威慑感,,"低沉,压迫感,男声",t005,
VB0656,Lexical OOD,slang,路人甲的声线但意外耐听,,"自然,平淡,中性",t046,
VB0657,Lexical OOD,slang,一听就是男二的温柔嗓,,"温柔,清润,男声",t027,
VB0658,Lexical OOD,slang,邻家姐姐那种亲切感,,"亲切,温和,女声",t010,
VB0659,Lexical OOD,slang,懂的都懂，这个 feel 太正,,"辨识度,有味道,中音",t030,
VB0660,Lexical OOD,slang,老圈内人的那个味儿,,"老练,沉稳,中性",t017,
VB0661,Lexical OOD,slang,一听就有那种内味儿,,"复古,有韵味,中音",t032,
VB0662,Lexical OOD,slang,老粉狂喜的声线类型,,"辨识度,稳定,中音",t022,
VB0663,Lexical OOD,slang,男友音 plus 版，太宠了,,"温柔,亲密,低音男声",t013,
VB0664,Lexical OOD,slang,邻家弟弟那种清澈感,,"清澈,少年感,男声",t004,
VB0665,Lexical OOD,slang,老公音，开口就上头,,"磁性,低音,成熟男声",t040,
VB0666,Lexical OOD,slang,标准的恋综男嘉宾声线,,"温润,清爽,男声",t039,
VB0667,Lexical OOD,slang,弟弟感扑面而来,,"少年感,清亮,男声",t011,
VB0668,Lexical OOD,dialect,吉林长春小伙打电话，尾音特别拖,,"东北话,吉林,拖腔,年轻男声",t025,
VB0669,Lexical OOD,dialect,辽宁沈阳大姐唠嗑那个调，热乎着呢,,"东北话,沈阳,热情,大姐",t036,
VB0670,Lexical OOD,dialect,大连人说普通话带点海蛎子味,,"大连话,海蛎子味,沿海口音",t001,
VB0671,Lexical OOD,dialect,听着像东三省过来的，字正腔圆但儿化音多,,"东北话,儿化音,清晰",t044,
VB0672,Lexical OOD,dialect,北京小妞儿说话带儿化，干脆利索,,"京味儿,儿化音,女声,利落",t019,
VB0673,Lexical OOD,dialect,京片子讲究人，话里带着点京城自信,,"北京话,京片子,自信,讲究",t034,
VB0674,Lexical OOD,dialect,北京出租车司机聊政治那个劲儿,,"京腔,司机,健谈,带评论感",t049,
VB0675,Lexical OOD,dialect,北京老炮儿讲话，字字带着江湖气,,"京味儿,老炮儿,江湖气,沧桑",t042,
VB0676,Lexical OOD,dialect,天津人讲话像捧哏，自带节奏感,,"天津话,相声腔,节奏感,幽默",t031,
VB0677,Lexical OOD,dialect,天津大姨买早点，话里全是包袱,,"天津话,大姨,生活气,包袱感",t029,
VB0678,Lexical OOD,dialect,卫嘴子那个调调，乐呵呵又损人,,"天津卫,卫嘴子,调侃,机灵",t021,
VB0679,Lexical OOD,dialect,天津小哥介绍煎饼果子，越说越来劲,,"天津口音,煎饼果子,推销感",t023,
VB0680,Lexical OOD,dialect,听着像天津人，字尾爱往下压,,"天津话,字尾下压,辨识度高",t043,
VB0681,Lexical OOD,dialect,山东青岛大哥说话，带点海风味,,"青岛话,海风味,豪爽",t047,
VB0682,Lexical OOD,dialect,淄博烧烤摊老板招呼客人，热情得很,,"淄博话,烧烤摊,热情",t037,
VB0683,Lexical OOD,dialect,山东汉子说话直来直去，没拐弯,,"山东话,直爽,汉子,实在",t033,
VB0684,Lexical OOD,dialect,听着像山东半岛的人，调子又稳又重,,"山东口音,半岛调,稳重",t045,
VB0685,Lexical OOD,dialect,河南郑州大姐唠嗑，带点中原腔,,"河南话,郑州,中原腔,大姐",t014,
VB0686,Lexical OOD,dialect,开封老师讲课，慢条斯理又有学问,,"开封口音,慢条斯理,老师",t050,
VB0687,Lexical OOD,dialect,听着像中原一带的，调子平实又厚道,,"中原口音,平实,厚道",t048,
VB0688,Lexical OOD,dialect,河南小伙打工聊家乡，乡音难改,,"河南话,打工口音,乡音",t003,
VB0689,Lexical OOD,dialect,河北保定人讲话，调子有点闷,,"保定话,平稳,略闷",t028,
VB0690,Lexical OOD,dialect,石家庄出租车司机聊天，普通话夹方言,,"石家庄口音,司机,夹杂方言",t038,
VB0691,Lexical OOD,dialect,河北农村大婶嗓门大，但很热情,,"河北口音,大婶,嗓门大,热情",t006,
VB0692,Lexical OOD,dialect,听着像华北平原过来的，调子又直又平,,"河北口音,华北,平直",t035,
VB0693,Lexical OOD,dialect,河北小哥说话简短，不爱多讲,,"河北口音,小哥,简短,内敛",t007,
VB0694,Lexical OOD,dialect,山西太原人讲话，入声字特别清楚,,"太原话,入声,辨识度高",t009,
VB0695,Lexical OOD,dialect,晋中老人讲故事，调子古朴,,"晋中口音,老人,古朴",t015,
VB0696,Lexical OOD,dialect,山西面馆老板招呼客人吃刀削面,,"山西话,面馆,刀削面,招呼",t016,
VB0697,Lexical OOD,dialect,听着像晋语区的人，字字都有顿挫,,"晋语区,顿挫感,字正",t018,
VB0698,Lexical OOD,dialect,山西小伙腼腆讲话，带点土话,,"山西口音,腼腆,土话",t002,
VB0699,Lexical OOD,dialect,西安回民街老板叫卖肉夹馍，吆喝带劲,,"西安话,回民街,肉夹馍,吆喝",t008,
VB0700,Lexical OOD,dialect,关中汉子讲话掷地有声,,"关中口音,汉子,掷地有声",t041,
VB0701,Lexical OOD,dialect,听着像八百里秦川出来的人，气厚,,"关中话,秦川,气厚",t026,
VB0702,Lexical OOD,dialect,西安小妹讲话嗲中带点关中底,,"西安口音,女声,关中底",t024,
VB0703,Lexical OOD,dialect,甘肃兰州人讲普通话，带点拉面馆味儿,,"兰州口音,拉面馆,西北腔",t020,
VB0704,Lexical OOD,dialect,宁夏银川大哥说话，调子平直,,"银川口音,西北,平直",t012,
VB0705,Lexical OOD,dialect,青海西宁人讲话，慢悠悠又厚实,,"西宁口音,西北,慢悠悠",t005,
VB0706,Lexical OOD,dialect,西北汉子嗓子像被风吹过，沙沙的,,"西北口音,沙嗓,粗粝",t046,
VB0707,Lexical OOD,dialect,兰州牛肉面馆老板招呼客人，西北爽朗,,"兰州话,牛肉面,爽朗",t027,
VB0708,Lexical OOD,dialect,听着像河西走廊出来的，调子悠远,,"河西走廊,西北,悠远",t010,
VB0709,Lexical OOD,dialect,四川成都妹儿说话嗲，带点辣味,,"成都话,川妹子,嗲,辣味",t030,
VB0710,Lexical OOD,dialect,听着像四川盆地的人，尾音带个嘛,,"四川口音,盆地腔,尾音",t017,
VB0711,Lexical OOD,dialect,成都茶馆老板招呼客人摆龙门阵,,"成都话,茶馆,摆龙门阵",t032,
VB0712,Lexical OOD,dialect,四川小哥聊火锅，越说越馋,,"四川话,火锅,馋,生动",t022,
VB0713,Lexical OOD,dialect,重庆崽儿讲话又快又冲，带火锅味,,"重庆话,快冲,火锅味,年轻男声",t013,
VB0714,Lexical OOD,dialect,重庆嬢嬢菜市场砍价，泼辣得很,,"重庆口音,嬢嬢,泼辣",t004,
VB0715,Lexical OOD,dialect,山城出租车司机聊球，江湖气浓,,"重庆话,山城,司机,江湖气",t040,
VB0716,Lexical OOD,dialect,听着像重庆来的，每句话都顶得人后仰,,"重庆口音,冲劲,直接",t039,
VB0717,Lexical OOD,dialect,重庆妹儿讲话像辣椒下锅，噼里啪啦,,"重庆话,妹儿,泼辣,密集",t011,
VB0718,Lexical OOD,dialect,云南昆明人讲话，调子有点上扬,,"昆明话,云南,上扬",t025,
VB0719,Lexical OOD,dialect,大理白族大姐讲普通话，软软的,,"大理口音,白族,温软",t036,
VB0720,Lexical OOD,dialect,云南小哥介绍米线，调子带点高原,,"云南话,米线,高原腔",t001,
VB0721,Lexical OOD,dialect,听着像彩云之南的人，调子悠柔,,"云南口音,悠柔",t044,
VB0722,Lexical OOD,dialect,贵州贵阳人讲话，又快又跳跃,,"贵阳话,快,跳跃",t019,
VB0723,Lexical OOD,dialect,听着像云贵高原的人，调子起伏明显,,"云贵高原,起伏感",t034,
VB0724,Lexical OOD,dialect,贵州妹子讲普通话，尾音爱往上挑,,"贵州话,妹子,尾音上挑",t049,
VB0725,Lexical OOD,dialect,贵州小哥聊酸汤鱼，越说越香,,"贵州口音,酸汤鱼,生动",t042,
VB0726,Lexical OOD,dialect,沪上白领讲话精致，带点石库门腔,,"上海话,白领,石库门,精致",t031,
VB0727,Lexical OOD,dialect,上海爷叔在弄堂里聊生煎包,,"上海话,爷叔,弄堂,生煎包",t029,
VB0728,Lexical OOD,dialect,听着像沪上人家出来的，调子温润,,"上海口音,温润",t021,
VB0729,Lexical OOD,dialect,上海姑娘讲话嗲嗲的，但很有主见,,"上海话,女声,嗲,主见",t023,
VB0730,Lexical OOD,dialect,无锡小伙讲话调子甜，像太湖水,,"无锡口音,甜调,吴语区",t043,
VB0731,Lexical OOD,dialect,听着像太湖边长大的人，调子细腻,,"太湖口音,吴语,细腻",t047,
VB0732,Lexical OOD,dialect,苏州评弹艺人讲普通话也带韵味,,"苏州话,评弹底,韵味",t037,
VB0733,Lexical OOD,dialect,苏锡常一带的人讲话，软中带糯,,"吴语区,苏锡常,软糯",t033,
VB0734,Lexical OOD,dialect,杭州人讲普通话，带点儿化音底,,"杭州话,儿化音底,江浙",t045,
VB0735,Lexical OOD,dialect,听着像西湖边长大的，调子温和,,"杭州话,西湖,温和",t014,
VB0736,Lexical OOD,dialect,杭州姑娘讲话斯斯文文，江南腔,,"杭州口音,女声,斯文,江南",t050,
VB0737,Lexical OOD,dialect,绍兴老师讲课，调子带点古意,,"绍兴口音,老师,古意",t048,
VB0738,Lexical OOD,dialect,南京大萝卜讲话直爽，带江淮腔,,"南京话,江淮,直爽,大萝卜",t003,
VB0739,Lexical OOD,dialect,南京小哥讲话热情，调子带点扬,,"南京口音,小哥,热情,上扬",t028,
VB0740,Lexical OOD,dialect,听着像金陵城里出来的，调子敞亮,,"南京话,金陵,敞亮",t038,
VB0741,Lexical OOD,dialect,老南京人讲话带点淮扬底,,"南京话,淮扬底,老南京",t006,
VB0742,Lexical OOD,dialect,福建厦门人讲普通话，闽南腔明显,,"厦门口音,闽南腔,辨识度",t035,
VB0743,Lexical OOD,dialect,闽南小伙聊海蛎煎，越说越饿,,"闽南话,海蛎煎,生动",t007,
VB0744,Lexical OOD,dialect,听着像闽南一带的人，调子绕来绕去,,"闽南口音,绕调",t009,
VB0745,Lexical OOD,dialect,厦门姑娘讲话软软的，海边味,,"厦门话,女声,软,海边",t015,
VB0746,Lexical OOD,dialect,台湾腔国语，尾音爱拖长,,"台湾国语,尾音拖,腔调柔",t016,
VB0747,Lexical OOD,dialect,台湾女生讲话嗲嗲的，气音多,,"台湾腔,女声,气音",t018,
VB0748,Lexical OOD,dialect,听着像台北长大的，调子柔软客气,,"台湾腔,台北,柔软",t002,
VB0749,Lexical OOD,dialect,台湾男生讲话斯文，带点书卷气,,"台湾国语,男生,斯文",t008,
VB0750,Lexical OOD,dialect,广东广州本地人讲普通话，调子平直带粤底,,"广州口音,粤底,平直",t041,
VB0751,Compositional OOD,rare-combo,七十岁的脸说话却像高校新生,,"老年音色,新生气,年龄反差,活力错位",t026,
VB0752,Compositional OOD,rare-combo,满头白发的嗓子里跳着十八岁的雀跃,,"苍老音,青春雀跃,年龄反差",t024,
VB0753,Compositional OOD,rare-combo,嗓子很老但语速像刚谈恋爱的人,,"老年音,恋爱期语速,情绪反差",t020,
VB0754,Compositional OOD,rare-combo,七十多岁的嗓音却聊得起新潮梗,,"苍老音色,潮流话题,语境错位",t012,
VB0755,Compositional OOD,rare-combo,老年人的嗓音却讲着幼儿园里的趣事口吻,,"老年嗓,幼龄口吻,年龄+用语错位",t005,
VB0756,Compositional OOD,rare-combo,苍老声线里突然冒出小朋友式的炫耀,,"苍老音,儿童炫耀,角色穿插",t046,
VB0757,Compositional OOD,rare-combo,老人嗓门，话里全是动画片的撒娇,,"老年嗓,撒娇语气,反差极大",t027,
VB0758,Compositional OOD,rare-combo,颤巍巍的老嗓却模仿小朋友讲故事,,"颤抖老音,儿童式讲述,模仿错位",t010,
VB0759,Compositional OOD,rare-combo,"苍老沙哑里夹着一句句""哇塞好棒""",,"苍老沙哑,儿童感叹词,违和搭配",t030,
VB0760,Compositional OOD,rare-combo,老年嗓的厚度配上童趣四溢的腔调,,"老年厚度,童趣腔调,矛盾搭配",t017,
VB0761,Compositional OOD,rare-combo,嗓音介于男女之间，像一把磨平的中提琴,,"中性音色,雌雄莫辨,乐器化比喻",t032,
VB0762,Compositional OOD,rare-combo,听不出男女的细嗓，安静得有点空,,"男细嗓,中性,留白感",t022,
VB0763,Compositional OOD,rare-combo,像男又像女的音色，落在耳朵里很滑,,"雌雄莫辨,顺滑音色,模糊性别",t013,
VB0764,Compositional OOD,rare-combo,中性偏柔的嗓音，性别像被磨掉了,,"中性柔嗓,去性别化",t004,
VB0765,Compositional OOD,rare-combo,男生说话却像女中音在低吟,,"男声,女中音质感,性别错位",t040,
VB0766,Compositional OOD,rare-combo,嗓子飘忽在男女之间，像没拍稳的镜头,,"飘忽中性音,模糊性别,飘忽感",t039,
VB0767,Compositional OOD,rare-combo,嗓子哑得像砂纸，气口却奶得发软,,"砂纸沙嗓,奶气气口,质感+幼气反差",t011,
VB0768,Compositional OOD,rare-combo,粗哑嗓音里包着一团软乎乎的幼气,,"粗哑嗓,幼气内核,层次反差",t025,
VB0769,Compositional OOD,rare-combo,沙嗓尾音却突然抖出一句娃娃腔,,"沙嗓尾音,娃娃腔,尾音错位",t036,
VB0770,Compositional OOD,rare-combo,清亮如银铃的嗓子却长在风霜满面的人身上,,"清亮银铃,苍老外在,人声反差",t001,
VB0771,Compositional OOD,rare-combo,嗓音透亮像泉水，话气却像耄耋老人,,"透亮泉水音,耄耋话气,反差",t044,
VB0772,Compositional OOD,rare-combo,清澈高扬的嗓音里浮着一层岁月感,,"清澈高扬,岁月厚度,叠加反差",t019,
VB0773,Compositional OOD,rare-combo,银亮音色配上半世纪沉淀的语气,,"银亮音色,沉淀语气,质感矛盾",t034,
VB0774,Compositional OOD,rare-combo,嗓音亮得像新瓷器，神情却像旧木匠,,"新瓷器音,旧匠人神情,新旧反差",t049,
VB0775,Compositional OOD,rare-combo,清脆嗓子里掺着一种风干木头的味道,,"清脆音,风干感,质感不符",t042,
VB0776,Compositional OOD,rare-combo,块头很沉的人，开口竟全是软萌,,"大体型,软萌音,体型反差",t031,
VB0777,Compositional OOD,rare-combo,壮汉的喉头里发出娃娃机里的嗓音,,"壮汉喉头,娃娃机音,视觉冲突",t029,
VB0778,Compositional OOD,rare-combo,听上去是个汉子，开口却奶得直冒泡,,"汉子外型,奶泡音色,反差萌",t021,
VB0779,Compositional OOD,rare-combo,五大三粗的喉咙里挤出一句奶呼呼,,"粗壮喉咙,奶呼呼,挤压感反差",t023,
VB0780,Compositional OOD,rare-combo,嗓音奶甜，可话锋是过来人的稳,,"奶甜音,过来人语气,内核反差",t043,
VB0781,Compositional OOD,rare-combo,嗲音壳子下藏着一颗稳如老牌主播的心,,"嗲音外壳,稳重内核,反差",t047,
VB0782,Compositional OOD,rare-combo,嗓音奶里奶气，话却像在带新人,,"奶气音,带新人语气,职场反差",t037,
VB0783,Compositional OOD,rare-combo,少年清亮的嗓子里带一缕成熟人的沉,,"少年清亮,成熟沉感,清亮+沉淀",t033,
VB0784,Compositional OOD,rare-combo,十五六岁的嗓音却落字像四十岁,,"少年音色,中年落字,年龄+用词错位",t045,
VB0785,Compositional OOD,rare-combo,少年音色却讲得像跟下属交代,,"少年嗓,职场口吻,场景错位",t014,
VB0786,Compositional OOD,rare-combo,嗓音是少年，神情却像过完一轮人生,,"少年嗓,沧桑神情,神态反差",t050,
VB0787,Compositional OOD,rare-combo,变声期未完的嗓子却带着退休干部式语气,,"变声期,退休口吻,职位错位",t048,
VB0788,Compositional OOD,rare-combo,"少年音里藏一层""我都见过""的口吻",,"少年音,见多识广口吻,内核反差",t003,
VB0789,Compositional OOD,rare-combo,嗓子甜软，用词像在写读书笔记,,"甜软嗓,读书笔记式,反差",t028,
VB0790,Compositional OOD,rare-combo,嗓子是花季的甜，话题是论文里的深,,"花季甜音,论文深度,反差",t038,
VB0791,Compositional OOD,rare-combo,嗓音飘在高处，措辞稳得像中年,,"高音调,中年措辞,音域+遣词",t006,
VB0792,Compositional OOD,rare-combo,调子尖却字字稳，像气球绑在石头上,,"尖音,稳字,绑定反差",t035,
VB0793,Compositional OOD,rare-combo,嗓门高八度，语序却严丝合缝,,"高音调,严谨语序,反差",t007,
VB0794,Compositional OOD,rare-combo,高声调里藏着一种慢慢说的耐心,,"高声调,耐心慢语,反差",t009,
VB0795,Compositional OOD,rare-combo,高音飘着，遣词却像在做汇报,,"飘高音,汇报感遣词,情境反差",t015,
VB0796,Compositional OOD,rare-combo,尖细嗓音却把话排成方块字,,"尖细嗓,方正排布,视觉化反差",t016,
VB0797,Compositional OOD,rare-combo,"低音炮发出俏皮的""嘿嘿你猜呀""",,"低音炮,俏皮内容,反差萌",t018,
VB0798,Compositional OOD,rare-combo,嗓子沉到地板下，却开起小玩笑,,"极低嗓,小玩笑,落差感",t002,
VB0799,Compositional OOD,rare-combo,厚重低音却用了一连串顽皮拟声词,,"厚重低音,拟声顽皮,声学反差",t008,
VB0800,Compositional OOD,rare-combo,大提琴般的低音，吐出网络流行短句,,"大提琴低音,流行短句,质感反差",t041,
VB0801,Compositional OOD,rare-combo,嗓子低得像隧道，却抖出一串可爱比喻,,"隧道低音,可爱比喻,反差",t026,
VB0802,Compositional OOD,rare-combo,"低声炮里突然蹦出一句""嘻嘻不告诉你""",,"低声炮,撒娇短句,跳变反差",t024,
VB0803,Compositional OOD,rare-combo,古装戏腔说出地铁早高峰的事,,"古装戏腔,现代生活,语境跳脱",t020,
VB0804,Compositional OOD,rare-combo,文言节奏却讲着今天点的外卖,,"文言节奏,外卖话题,反差",t012,
VB0805,Compositional OOD,rare-combo,"古朗诵腔里夹了""扫码、下单、配送""",,"古朗诵腔,电商动词,杂糅反差",t005,
VB0806,Compositional OOD,rare-combo,仿戏曲拖腔讲一段办公室趣事,,"戏曲拖腔,办公室趣事,语境错位",t046,
VB0807,Compositional OOD,rare-combo,朗诵腔吟出周末加班的无奈,,"朗诵腔,加班吐槽,场景反差",t027,
VB0808,Compositional OOD,rare-combo,文绉绉的语调讲着早八通勤的拥挤,,"文绉绉,通勤话题,雅俗反差",t010,
VB0809,Compositional OOD,rare-combo,古风诵读式语气讲日常买菜清单,,"古风诵读,买菜清单,日常反差",t030,
VB0810,Compositional OOD,rare-combo,像在朗读古文，内容却是冰箱里剩什么,,"古文朗读式,冰箱内容,雅俗反差",t017,
VB0811,Compositional OOD,rare-combo,抑扬顿挫如背赋，说的是收快递,,"抑扬顿挫,收快递,反差",t032,
VB0812,Compositional OOD,rare-combo,戏台念白式开口，讲超市打折信息,,"戏台念白,超市打折,语境跳脱",t022,
VB0813,Compositional OOD,rare-combo,朗诵会式的腔调说着今天上班路况,,"朗诵会腔,路况,生活感反差",t013,
VB0814,Compositional OOD,rare-combo,古典颂歌般的开嗓，讲的是手机欠费,,"古典颂歌,手机欠费,反差",t004,
VB0815,Compositional OOD,rare-combo,"之乎者也里夹着""绝绝子""",,"文言句式,网络词,雅俗杂糅",t040,
VB0816,Compositional OOD,rare-combo,"半古半白的句式蹦出""yyds""",,"半古半白,网络梗,反差",t039,
VB0817,Compositional OOD,rare-combo,"引经据典中突然来一句""我直接破防""",,"引经据典,网络情绪词,反差",t011,
VB0818,Compositional OOD,rare-combo,"文绉绉的措辞里夹着""栓Q""",,"文绉绉,网络梗,反差",t025,
VB0819,Compositional OOD,rare-combo,"文言式语序拼着""破防、上头、绝了""",,"文言语序,网络流行,杂糅",t036,
VB0820,Compositional OOD,rare-combo,"古雅句法配着""emo 中""三个字",,"古雅句法,emo词,反差",t001,
VB0821,Compositional OOD,rare-combo,奶呼呼的口齿却在排比反驳,,"奶呼呼口齿,排比反驳,结构反差",t044,
VB0822,Compositional OOD,rare-combo,老年嗓子却用电竞解说的语速冲刺,,"老年嗓,电竞语速,语速反差",t019,
VB0823,Compositional OOD,rare-combo,苍老声线却把比赛画面播得火星四溅,,"苍老音,激情解说,反差",t034,
VB0824,Compositional OOD,rare-combo,老人嗓门却跟得上团战的爆发节奏,,"老年音,团战爆发,节奏反差",t049,
VB0825,Compositional OOD,rare-combo,"满是岁月的嗓子却在喊""上高地了""",,"岁月嗓,电竞口令,语境错位",t042,
VB0826,Compositional OOD,rare-combo,慢半拍的老腔却讲出秒速级的操作,,"慢老腔,秒速操作描述,语速反差",t031,
VB0827,Compositional OOD,rare-combo,苍老沙嗓里塞满了职业联赛的热血,,"苍老沙嗓,职业热血,反差",t029,
VB0828,Compositional OOD,rare-combo,中性嗓音却演黑帮老大的开场白,,"中性嗓,黑帮台词,角色极端",t021,
VB0829,Compositional OOD,rare-combo,雌雄莫辨的嗓子讲着街头大佬的台词,,"雌雄莫辨,街头大佬,反差",t023,
VB0830,Compositional OOD,rare-combo,中性细嗓里冒出帮派接班人的口吻,,"中性细嗓,帮派口吻,反差",t043,
VB0831,Compositional OOD,rare-combo,中性平嗓里硬塞江湖大姐头的派头,,"中性平嗓,大姐头派头,反差",t047,
VB0832,Compositional OOD,rare-combo,奶到化的嗓子讲着一段冷静的分析,,"奶化嗓,冷静分析,违和搭配",t037,
VB0833,Compositional OOD,rare-combo,婴音却把一段逻辑链条理清得明白,,"婴音,逻辑陈述,反差",t033,
VB0834,Compositional OOD,rare-combo,听上去像还在学说话，内容却严丝合缝,,"初学说话感,严密内容,反差",t045,
VB0835,Compositional OOD,contradictory,越温柔越像在威胁,,"温柔, 凶狠, 反差, 压低声线, 冷意",t014,
VB0836,Compositional OOD,contradictory,嗓子压得很低的怒火,,"温柔表层, 凶狠内核, 压抑, 低音, 怒意",t050,
VB0837,Compositional OOD,contradictory,凶巴巴地说我喜欢你,,"凶, 柔软, 表白, 别扭, 反差萌",t048,
VB0838,Compositional OOD,contradictory,笑眯眯地说滚远点,,"温柔笑意, 凶恶内容, 反差, 轻声, 拒绝",t003,
VB0839,Compositional OOD,contradictory,一句比一句轻，气却一句比一句大,,"温柔渐降, 怒气渐升, 反差曲线, 压抑, 冷怒",t028,
VB0840,Compositional OOD,contradictory,冷得像不认识你，话却件件都在护着你,,"冷淡语气, 关心内容, 反差, 别扭, 在意",t038,
VB0841,Compositional OOD,contradictory,嘴上嫌弃手却递过来,,"冷淡, 关心, 矛盾行为, 别扭, 暖意",t006,
VB0842,Compositional OOD,contradictory,语气像例行公事，心思全在你身上,,"冷淡, 在乎, 公事感, 私心, 反差",t035,
VB0843,Compositional OOD,contradictory,装作毫不在意地多问了一句,,"冷淡, 关心, 别扭, 装作, 真心",t007,
VB0844,Compositional OOD,contradictory,冷淡地叮嘱了一长串,,"冷淡语气, 关心内容, 啰嗦, 别扭, 在意",t009,
VB0845,Compositional OOD,contradictory,说不在乎的时候眼神最热,,"冷淡口头, 关心内核, 反差, 别扭, 真心",t015,
VB0846,Compositional OOD,contradictory,嘴角在笑话却讲得心酸,,"开心表层, 难过内核, 反差, 苦笑, 哽",t016,
VB0847,Compositional OOD,contradictory,笑着笑着声音就哑了,,"开心, 难过, 过渡, 哽咽, 反差",t018,
VB0848,Compositional OOD,contradictory,用最轻松的语气讲最重的事,,"开心轻松, 难过沉重, 反差, 故作, 隐忍",t002,
VB0849,Compositional OOD,contradictory,一边笑一边眼眶发热,,"开心, 难过, 并行, 哽, 反差",t008,
VB0850,Compositional OOD,contradictory,高兴得过头就显得难过,,"开心过度, 难过反弹, 失控, 苦, 反差",t041,
VB0851,Compositional OOD,contradictory,听得出在笑，也听得出快撑不住了,,"开心声音, 难过状态, 反差, 强撑, 疲惫",t026,
VB0852,Compositional OOD,contradictory,心跳乱成一团，话却一字一顿,,"激动内心, 平静外表, 反差, 克制, 节奏",t024,
VB0853,Compositional OOD,contradictory,把一件惊天动地的事讲得像在念菜单,,"激动事件, 平静叙述, 反差, 漠然, 反讽",t020,
VB0854,Compositional OOD,contradictory,越激动越往回收着说,,"激动, 平静, 反差曲线, 压抑, 克制",t012,
VB0855,Compositional OOD,contradictory,平静地报喜，像在通报天气,,"激动喜事, 平静语气, 反差, 淡漠, 错位",t005,
VB0856,Compositional OOD,contradictory,心里翻江倒海，嘴上风平浪静,,"激动内心, 平静外表, 反差, 克制, 隐忍",t046,
VB0857,Compositional OOD,contradictory,用最稳的嗓音讲最炸的消息,,"激动消息, 平静嗓音, 反差, 沉稳, 反差感",t027,
VB0858,Compositional OOD,contradictory,嘴上敷衍着，每个字都没落下,,"敷衍表层, 真诚内核, 在意, 反差, 别扭",t010,
VB0859,Compositional OOD,contradictory,听着像在打哈哈，眼神却一直跟着你,,"敷衍口头, 真诚关注, 反差, 别扭, 在意",t030,
VB0860,Compositional OOD,contradictory,答应得潦草，承诺却很重,,"敷衍语气, 真诚内容, 反差, 别扭, 认真",t017,
VB0861,Compositional OOD,contradictory,像在应付，又像在认真听,,"敷衍, 真诚, 矛盾, 别扭, 在意",t032,
VB0862,Compositional OOD,contradictory,装着不在意，每句都接得很稳,,"敷衍, 真诚, 别扭, 装作, 投入",t022,
VB0863,Compositional OOD,contradictory,嘴上随口说说，心里反复想了好多遍,,"敷衍口头, 真诚内心, 反差, 别扭, 在意",t013,
VB0864,Compositional OOD,contradictory,强势的语气下藏着撒娇,,"强势, 柔软, 反差, 撒娇, 别扭",t004,
VB0865,Compositional OOD,contradictory,命令式开头，央求式结尾,,"强势, 柔软, 反差曲线, 别扭, 软化",t040,
VB0866,Compositional OOD,contradictory,一句很冲，一句很怕你生气,,"强势, 柔软, 交替, 矛盾, 反差",t039,
VB0867,Compositional OOD,contradictory,表面在下指令，其实在请求,,"强势表面, 柔软内核, 反差, 别扭, 请求",t011,
VB0868,Compositional OOD,contradictory,凶得理直气壮却越说越小声,,"强势开头, 柔软收尾, 反差, 心虚, 软化",t025,
VB0869,Compositional OOD,contradictory,一边逼问一边妥协,,"强势, 柔软, 并行, 矛盾, 别扭",t036,
VB0870,Compositional OOD,contradictory,嗓音稳得像水面，下面全是乱流,,"镇定表层, 紧张内核, 反差, 克制, 暗涌",t001,
VB0871,Compositional OOD,contradictory,说话不紧不慢，呼吸却已经乱了,,"镇定语速, 紧张呼吸, 反差, 克制, 暴露",t044,
VB0872,Compositional OOD,contradictory,嘴上井井有条，手早就抖了,,"镇定语言, 紧张身体, 反差, 强撑, 暴露",t019,
VB0873,Compositional OOD,contradictory,一字一句稳稳报出，听得出在咬牙,,"镇定输出, 紧张咬牙, 反差, 强撑, 压抑",t034,
VB0874,Compositional OOD,contradictory,越镇定越能听出一点抖,,"镇定, 紧张, 微抖, 反差, 暴露",t049,
VB0875,Compositional OOD,contradictory,把惊慌咽下去再开口,,"镇定外, 紧张内, 吞咽, 反差, 克制",t042,
VB0876,Compositional OOD,contradictory,自信地把话说得很轻,,"自信, 自卑, 反差, 轻声, 别扭",t031,
VB0877,Compositional OOD,contradictory,大声宣布完又小声补一句对不起,,"自信, 自卑, 反差曲线, 别扭, 退缩",t029,
VB0878,Compositional OOD,contradictory,像在演讲又像在道歉,,"自信, 自卑, 并行, 矛盾, 错位",t021,
VB0879,Compositional OOD,contradictory,满口豪言，尾音却虚,,"自信内容, 自卑尾音, 反差, 心虚, 暴露",t023,
VB0880,Compositional OOD,contradictory,越夸自己声音越小,,"自信口头, 自卑底色, 反差, 退缩, 别扭",t043,
VB0881,Compositional OOD,contradictory,听着像在炫耀，又像在求一句肯定,,"自信表面, 自卑内核, 反差, 别扭, 求认可",t047,
VB0882,Compositional OOD,contradictory,一本正经地胡说八道,,"严肃, 调侃, 反差, 装正经, 玩笑",t037,
VB0883,Compositional OOD,contradictory,板着脸讲冷笑话,,"严肃表情, 调侃内容, 反差, 冷感, 玩笑",t033,
VB0884,Compositional OOD,contradictory,用开会的语气调侃朋友,,"严肃语气, 调侃内容, 反差, 错位, 玩笑",t045,
VB0885,Compositional OOD,contradictory,表情很正，话很欠,,"严肃表情, 调侃话术, 反差, 故意, 玩笑",t014,
VB0886,Compositional OOD,contradictory,像在念稿一样吐槽,,"严肃念稿, 调侃吐槽, 反差, 错位, 冷幽默",t050,
VB0887,Compositional OOD,contradictory,拖着尾音却字字带刺,,"慵懒尾音, 警觉锋利, 反差, 危险, 懒散",t048,
VB0888,Compositional OOD,contradictory,半睁着眼也能听出戒备,,"慵懒, 警觉, 反差, 戒备, 倦意",t003,
VB0889,Compositional OOD,contradictory,懒洋洋地说别动,,"慵懒, 警觉, 反差, 制止, 危险",t028,
VB0890,Compositional OOD,contradictory,像刚睡醒但每个字都很准,,"慵懒声线, 警觉用词, 反差, 精确, 倦意",t038,
VB0891,Compositional OOD,contradictory,一边打哈欠一边盯紧你,,"慵懒, 警觉, 并行, 反差, 戒备",t006,
VB0892,Compositional OOD,contradictory,礼貌得像在拒绝,,"礼貌, 抗拒, 反差, 客气, 推开",t035,
VB0893,Compositional OOD,contradictory,您好两个字里全是不情愿,,"礼貌字面, 抗拒底色, 反差, 别扭, 冷感",t007,
VB0894,Compositional OOD,contradictory,用最规整的句子说我不愿意,,"礼貌句式, 抗拒态度, 反差, 错位, 拒绝",t009,
VB0895,Compositional OOD,contradictory,鞠躬式语气加一句免谈,,"礼貌, 抗拒, 反差, 客气, 强硬",t015,
VB0896,Compositional OOD,contradictory,客客气气把人挡在门外,,"礼貌语气, 抗拒动作, 反差, 距离, 拒绝",t016,
VB0897,Compositional OOD,contradictory,每句敬语都在收回靠近的距离,,"礼貌, 抗拒, 反差, 疏离, 别扭",t018,
VB0898,Compositional OOD,contradictory,热情得让人不敢靠近,,"热情, 疏离, 反差, 用力, 距离",t002,
VB0899,Compositional OOD,contradictory,招呼得很大声，眼神却没看人,,"热情声音, 疏离眼神, 反差, 错位, 距离",t008,
VB0900,Compositional OOD,contradictory,一见面就笑，三句话就转身,,"热情开场, 疏离结束, 反差, 切换, 距离",t041,
VB0901,Compositional OOD,contradictory,嘴上欢迎，语调留着一道墙,,"热情口头, 疏离语调, 反差, 别扭, 距离",t026,
VB0902,Compositional OOD,contradictory,像主持人一样亲切，又像陌生人,,"热情风格, 疏离感, 反差, 错位, 距离",t024,
VB0903,Compositional OOD,contradictory,越热情越听不出温度,,"热情形式, 疏离内核, 反差, 空, 距离",t020,
VB0904,Compositional OOD,contradictory,沉得住气的人在发抖,,"沉稳表面, 慌乱内核, 反差, 强撑, 暴露",t012,
VB0905,Compositional OOD,contradictory,把慌乱压成一句嗯,,"沉稳输出, 慌乱内心, 反差, 压抑, 克制",t005,
VB0906,Compositional OOD,contradictory,像在主持大局，其实一片空白,,"沉稳表演, 慌乱内里, 反差, 错位, 撑场",t046,
VB0907,Compositional OOD,contradictory,沉稳的语调带着一点找不到方向,,"沉稳语调, 慌乱方向, 反差, 暴露, 微乱",t027,
VB0908,Compositional OOD,contradictory,越想稳越听得见心跳,,"沉稳意图, 慌乱身体, 反差, 暴露, 紧张",t010,
VB0909,Compositional OOD,contradictory,嘴里下命令，手里在乱翻东西,,"沉稳口令, 慌乱动作, 反差, 暴露, 强撑",t030,
VB0910,Compositional OOD,contradictory,嘲讽里听得出心疼,,"嘲讽, 心疼, 反差, 别扭, 在意",t017,
VB0911,Compositional OOD,contradictory,一边毒舌一边把伞举过来,,"嘲讽语言, 心疼动作, 反差, 别扭, 在意",t032,
VB0912,Compositional OOD,contradictory,损得越狠越像在求你别走,,"嘲讽表层, 心疼内核, 反差, 别扭, 不舍",t022,
VB0913,Compositional OOD,contradictory,阴阳怪气里全是担心,,"嘲讽语调, 心疼内容, 反差, 别扭, 在意",t013,
VB0914,Compositional OOD,contradictory,表面挖苦，落点全在替你着想,,"嘲讽形式, 心疼实质, 反差, 别扭, 替你",t004,
VB0915,Compositional OOD,contradictory,笑话你的口气，叮嘱你的内容,,"嘲讽口气, 心疼叮嘱, 反差, 错位, 在意",t040,
VB0916,Compositional OOD,contradictory,冷漠地说了句路上小心,,"冷漠语气, 不舍内容, 反差, 别扭, 在意",t039,
VB0917,Compositional OOD,contradictory,装着无所谓送你到门口,,"冷漠装作, 不舍行动, 反差, 别扭, 真心",t011,
VB0918,Compositional OOD,persona,表面端着架子、其实最怕你辞职的销售大区经理,,"中年男性,职场领导,外冷内热,精明,焦虑",t025,
VB0919,Compositional OOD,persona,面冷心热的财务副总裁，签字前还要再确认一遍你过没过审,,"中年女性,职场领导,严肃,细致,稳重",t036,
VB0920,Compositional OOD,persona,开会拍桌子、散会偷偷给你转杯咖啡的运营老大,,"中年男性,职场领导,豪爽,反差萌,关怀",t001,
VB0921,Compositional OOD,persona,不爱寒暄但会在年终给你争预算的研发 VP,,"中年男性,职场领导,内敛,务实,可靠",t044,
VB0922,Compositional OOD,persona,看似佛系实则盯指标盯得最紧的市场总监,,"中年女性,职场领导,看起来佛实则卷,精明,沉稳",t019,
VB0923,Compositional OOD,persona,工位永远亮到最晚、却假装自己只是顺手帮你的隔壁组组长,,"中年男性,职场同事,默默付出,憨厚,温和",t034,
VB0924,Compositional OOD,persona,嘴碎心善的财务出纳，催你交报销时还会顺手提醒发票格式,,"中年女性,职场同事,啰嗦,热心,细致",t049,
VB0925,Compositional OOD,persona,总抱怨工作量、关键时刻一个人顶两个的测试组同事,,"青年男性,职场同事,嘴硬手快,担当,疲惫",t042,
VB0926,Compositional OOD,persona,看起来摸鱼一整天、实际偷偷帮你把 bug全修了的算法师兄,,"青年男性,职场同事,反差萌,聪明,低调",t031,
VB0927,Compositional OOD,persona,工龄十五年的车间老技工，不爱多话但手把手教你拧螺丝,,"中年男性,职场前辈,沉默寡言,熟练,耐心",t029,
VB0928,Compositional OOD,persona,嘴笨心细的前端实习生，每次提交都会偷偷帮你 review一遍,,"青年女性,职场下属,腼腆,认真,贴心",t021,
VB0929,Compositional OOD,persona,笑眯眯地把你哄进会议室签字的人事专员,,"青年女性,职场HR,亲和,圆滑,有心机",t023,
VB0930,Compositional OOD,persona,嘴甜心硬的招聘经理，offer 谈判时一分不让,,"青年女性,职场HR,职业化,精明,坚定",t043,
VB0931,Compositional OOD,persona,表面笑哈哈、暗地里把你的考勤记得一清二楚的行政小姐姐,,"青年女性,职场行政,温和但精细,有原则,细致",t047,
VB0932,Compositional OOD,persona,总裁办的资深秘书，一句话就能挡掉九成无意义的会议,,"中年女性,职场秘书,干练,果断,内敛",t037,
VB0933,Compositional OOD,persona,看起来人畜无害、其实掌握全公司八卦的前台姐姐,,"青年女性,职场前台,温柔表面,精明内核,健谈",t033,
VB0934,Compositional OOD,persona,外卖站长一口气派出三十单还能给新骑手讲耐心点,,"中年男性,服务业,雷厉风行,带队风格,接地气",t045,
VB0935,Compositional OOD,persona,凌晨值守的网约车客服，声音哑哑地一句句帮你核单,,"青年女性,客服,疲惫,职业,温柔",t014,
VB0936,Compositional OOD,persona,接到投诉先稳住情绪、再慢慢把责任理清楚的高级客服,,"中年女性,客服,沉稳,共情,有耐心",t050,
VB0937,Compositional OOD,persona,派件爬到六楼还笑着喘气说不用签字的小哥,,"青年男性,快递员,憨厚,乐观,质朴",t048,
VB0938,Compositional OOD,persona,商场化妆品柜台的老导购，看一眼就知道你今天没睡好,,"中年女性,服务业,健谈,洞察人心,体贴",t003,
VB0939,Compositional OOD,persona,假装严肃其实偷偷塞你试用装的香水店店员,,"青年女性,服务业,职业感外表,贴心,小俏皮",t028,
VB0940,Compositional OOD,persona,老字号面馆里端碗时总要碎碎念两句的服务员阿姨,,"中年女性,服务业,亲切,啰嗦,慈祥",t038,
VB0941,Compositional OOD,persona,嘴里嘟囔脚下不停、给你换三次餐具不嫌烦的火锅店小妹,,"青年女性,服务业,机灵,勤快,接地气",t006,
VB0942,Compositional OOD,persona,卖鞋柜的老员工，挑款比你妈还狠还实在,,"中年女性,服务业,直爽,经验老到,务实",t035,
VB0943,Compositional OOD,persona,看诊像聊天的中医老大夫，把脉时随口跟你叙旧,,"老年男性,医生,温润,博学,慢条斯理",t007,
VB0944,Compositional OOD,persona,"牙科诊所里轻声说""别紧张、张嘴""的主治大夫",,"青年女性,医生,柔和,职业,镇定",t009,
VB0945,Compositional OOD,persona,嘴上嫌弃你不爱忌口、给你私下多塞一片药的家庭医生,,"中年男性,医生,刀子嘴,熟络,关心",t015,
VB0946,Compositional OOD,persona,嘴碎心善的住院部护工阿姨，翻身擦背的时候顺嘴讲讲家事,,"中年女性,陪护,絮叨,温暖,辛劳",t016,
VB0947,Compositional OOD,persona,看着冷淡其实最操心的术后陪护，半小时来查一次床,,"中年女性,陪护,外冷内热,细致,默默",t018,
VB0948,Compositional OOD,persona,嗓子哑得不行还要交班的夜班社区护士,,"青年女性,护士,疲惫,负责,温和",t002,
VB0949,Compositional OOD,persona,嘴上催你快点选号、其实留了下午专家号的挂号员阿姨,,"中年女性,挂号员,泼辣,内热,熟络",t008,
VB0950,Compositional OOD,persona,看起来高冷、实际给老人多打了一份说明书的医院窗口姑娘,,"青年女性,挂号员,外冷,内热,细致",t041,
VB0951,Compositional OOD,persona,"24 小时药店里轻声问你""吃了几次了""的夜班药师",,"青年男性,药师,温和,职业,平静",t026,
VB0952,Compositional OOD,persona,严厉但偏心后排小胖墩的小学语文班主任,,"中年女性,班主任,严肃,偏爱,慈祥",t024,
VB0953,Compositional OOD,persona,上课沉稳下课就跟学生贫嘴的初中数学班主任,,"中年男性,班主任,反差,亲切,稳重",t020,
VB0954,Compositional OOD,persona,表面冷冰冰、其实把每个学生家境都记在心里的高中班主任,,"中年男性,班主任,外冷内热,负责,沉稳",t012,
VB0955,Compositional OOD,persona,一边管纪律一边偷偷分糖的小学一年级女老师,,"青年女性,班主任,温柔,严格并存,可爱",t005,
VB0956,Compositional OOD,persona,大学辅导员，催你交材料的时候顺嘴问你最近过得怎么样,,"青年女性,辅导员,亲和,操心,职业",t046,
VB0957,Compositional OOD,persona,凌晨改论文还回你消息的导师，语气累但耐心,,"中年男性,导师,博学,疲惫,关切",t027,
VB0958,Compositional OOD,persona,不爱说话却写满批注的工程系教授，每页都圈三遍,,"老年男性,教授,内敛,严谨,默默用心",t010,
VB0959,Compositional OOD,persona,嘴上说自己只是顺路、其实绕了三公里来接你的家教老师,,"青年女性,家教,温柔,体贴,腼腆",t030,
VB0960,Compositional OOD,persona,表面嫌你笨、实际把题型整理成 PDF 发你的考研学长,,"青年男性,家教,刀子嘴,负责,反差",t017,
VB0961,Compositional OOD,persona,数学系老教授，讲到兴起会忘了下课时间,,"老年男性,教授,投入,健谈,慈祥",t032,
VB0962,Compositional OOD,persona,走廊里碰见每个学生都能叫出名字的中学校长,,"中年男性,校长,亲和,记忆力强,沉稳",t022,
VB0963,Compositional OOD,persona,端着大铁勺还要叮嘱你多吃青菜的食堂阿姨,,"中年女性,食堂员工,泼辣,操心,慈祥",t013,
VB0964,Compositional OOD,persona,嘴上喊你慢点打饭、勺子却没轻过的食堂大叔,,"中年男性,食堂员工,豪爽,实在,刀子嘴",t004,
VB0965,Compositional OOD,persona,装作没看见你逃早操、记心里却记得清清楚楚的教导主任,,"中年男性,校领导,严肃,洞察,反差",t040,
VB0966,Compositional OOD,persona,嘴硬心软的妈，骂完你又把切好的水果端进屋,,"中年女性,家人,刀子嘴,慈爱,操劳",t039,
VB0967,Compositional OOD,persona,不善表达的爸，吃饭时把鱼肚子悄悄夹给你,,"中年男性,家人,沉默,深情,质朴",t011,
VB0968,Compositional OOD,persona,表面不操心实则深夜还在群里叮嘱穿秋裤的老妈,,"中年女性,家人,反差,絮叨,温暖",t025,
VB0969,Compositional OOD,persona,嘴笨却愿意学着发表情包给你的继父,,"中年男性,家人,腼腆,真诚,生疏中带关心",t036,
VB0970,Compositional OOD,persona,不善言辞但默默把家务全揽了的继母,,"中年女性,家人,沉静,周到,克制",t001,
VB0971,Compositional OOD,persona,"总把""我没事""挂嘴上、转身偷偷揉膝盖的老爸",,"中年男性,家人,逞强,慈爱,有点倔",t044,
VB0972,Compositional OOD,persona,把你视频电话挂了三次还乐呵呵打回来的老妈,,"中年女性,家人,絮叨,慈祥,执着",t019,
VB0973,Compositional OOD,persona,表面要你独立、其实每月偷偷打钱过来的爸,,"中年男性,家人,嘴硬,深沉,稳重",t034,
VB0974,Compositional OOD,persona,嘴碎心热的奶奶，唠叨你穿少了又往你兜里塞钱,,"老年女性,家人,絮叨,慈祥,操劳",t049,
VB0975,Compositional OOD,persona,沉默寡言的爷爷，递茶时手抖得厉害还想自己来,,"老年男性,家人,内敛,要强,温情",t042,
VB0976,Compositional OOD,persona,嘴上嫌你工作忙、其实最盼你来吃饭的外婆,,"老年女性,家人,反差,慈祥,盼归",t031,
VB0977,Compositional OOD,persona,把家里相册擦了又擦、跟你讲半天年轻往事的外公,,"老年男性,家人,怀旧,健谈,温和",t029,
VB0978,Compositional OOD,persona,看你回家先打量你瘦没瘦的奶奶,,"老年女性,家人,慈爱,细致,直率",t021,
VB0979,Compositional OOD,persona,嗓门洪亮、坚持要给你装一整袋自家腌菜的外婆,,"老年女性,家人,豪爽,慈祥,质朴",t023,
VB0980,Compositional OOD,persona,总跟你抢着剥虾的姐姐，嘴上嫌弃手却没停,,"青年女性,兄弟姐妹,口是心非,亲昵,贴心",t043,
VB0981,Compositional OOD,persona,一回家就跟你抢遥控器、关键时刻护短的弟弟,,"青少年男性,兄弟姐妹,顽皮,讲义气,亲密",t047,
VB0982,Compositional OOD,persona,嘴上吐槽你土、转头帮你挑通勤穿搭的妹妹,,"青年女性,兄弟姐妹,毒舌,贴心,时髦",t037,
VB0983,Compositional OOD,persona,表面没正形、过年回家偷偷给你塞红包的表哥,,"青年男性,表亲,玩世不恭外表,讲情面,豪爽",t033,
VB0984,Compositional OOD,persona,比你大三岁、走哪都要拽着你过马路的堂姐,,"青年女性,堂亲,大姐姐范儿,护短,熟络",t045,
VB0985,Compositional OOD,persona,看起来佛系、关键时刻替你出头的堂哥,,"青年男性,堂亲,松弛,讲义气,反差",t014,
VB0986,Compositional OOD,persona,嘴皮子最溜的二姑，年夜饭一开口就把全家逗笑,,"中年女性,远亲,健谈,热闹,通透",t050,
VB0987,Compositional OOD,persona,看你眼神慈祥但每句都问工资多少的三姨,,"中年女性,远亲,慈祥,直接,接地气",t048,
VB0988,Compositional OOD,persona,喝两杯就开始讲创业失败史的姨夫,,"中年男性,远亲,豪爽,健谈,带点怀旧",t003,
VB0989,Compositional OOD,persona,平时不联系、一开口就让你帮带东西的远房叔叔,,"中年男性,远亲,生疏,实在,直接",t028,
VB0990,Compositional OOD,persona,总在群里发养生链接、被吐槽也不恼的小舅,,"中年男性,远亲,憨厚,热心,慢半拍",t038,
VB0991,Compositional OOD,persona,表面云淡风轻、其实把你高中绰号还记得的老同学,,"青年男性,同学,松弛,熟稔,怀旧",t006,
VB0992,Compositional OOD,persona,嘴硬心软的青梅竹马，约你吃饭还要嫌弃你迟到,,"青年女性,青梅竹马,毒舌,亲昵,反差",t035,
VB0993,Compositional OOD,persona,多年不见也能聊到天亮的初中闺蜜,,"青年女性,同学,自来熟,健谈,亲密",t007,
VB0994,Compositional OOD,persona,装作不在乎、转头帮你刷投票到天亮的发小,,"青年男性,发小,口是心非,讲义气,亲密",t009,
VB0995,Compositional OOD,persona,一开口就把你和老班的旧账翻出来的高中同班,,"青年男性,同学,八卦,松弛,熟络",t015,
VB0996,Compositional OOD,persona,桌上输了不肯认账、嘴上还在嘟囔规则的牌友老张,,"中年男性,牌友,嘴硬,憨厚,市井",t016,
VB0997,Compositional OOD,persona,看似严肃实则爱怂恿你加注的麻将搭子阿姨,,"中年女性,牌友,反差,健谈,玩心重",t018,
VB0998,Compositional OOD,persona,合租五年、记得你所有忌口的室友,,"青年女性,室友,体贴,熟稔,稳重",t002,
VB0999,Compositional OOD,persona,嘴上嫌你打呼、半夜给你掖被子的合租大哥,,"青年男性,室友,刀子嘴,体贴,憨厚",t008,
VB1000,Compositional OOD,persona,每天饭点准时敲门、问你吃没吃的合租阿姨,,"中年女性,室友,操心,亲切,絮叨",t041,
